ciclo,modulo,nome,tipo,codigo_dispositivo,prioridade,ocupacao_pct,mensagem_kb,sinal_dbm,tensao_v,corrente_a,latencia_ms,estado,mensagem_alerta,intervalo_min,origem
1,AGRI,Agricultura,agricultura,107,2,58.899850,239.653147,-40.376890,23.817156,0.562901,70.120146,ativo,,5,simulado
1,ARM,Armazenamento de Energia,energia,101,2,17.923612,174.238451,-76.606707,24.227490,1.573761,69.655260,ativo,,5,simulado
1,ATM,Controle Atmosférico,suporte de vida,110,1,84.648917,26.945154,-53.702555,24.100726,1.516544,75.859241,ativo,,5,simulado
1,COM,Comunicação,comunicação,106,1,75.794879,28.909812,-62.875984,24.383421,1.163742,75.406693,ativo,,5,simulado
1,CTRL,Centro de Controle,controle,102,2,67.849644,31.274547,-68.331683,23.294410,1.159609,69.164857,ativo,,5,simulado
1,HAB,Habitação,habitat,103,2,23.389194,253.633658,-74.490278,24.041628,1.496461,58.522729,ativo,,5,simulado
1,LAB,Laboratório,laboratório,109,3,80.529816,124.584125,-81.083736,23.360682,0.419145,106.100848,ativo,,5,simulado
1,MED,Centro Médico,saúde,105,1,27.862009,144.628005,-76.597169,23.719202,1.449962,70.534876,ativo,,5,simulado
1,O2,Oxigênio,suporte de vida,104,1,68.060665,188.117195,-47.412053,24.643792,0.412254,59.569244,ativo,,5,simulado
1,RES,Recursos,recursos,108,3,16.525141,107.643217,-79.915107,23.551806,0.675941,72.145406,ativo,,5,simulado
2,AGRI,Agricultura,agricultura,107,2,14.114892,205.508955,-51.393160,23.483404,1.600290,52.930570,ativo,,5,simulado
2,ARM,Armazenamento de Energia,energia,101,2,63.702546,97.165638,-84.135973,24.146562,0.787822,79.121302,ativo,,5,simulado
2,ATM,Controle Atmosférico,suporte de vida,110,1,33.282534,233.279639,-78.160675,24.474751,0.479295,90.283534,ativo,,5,simulado
2,COM,Comunicação,comunicação,106,1,58.510332,165.817649,-73.840536,24.490552,1.376148,90.667472,ativo,,5,simulado
2,CTRL,Centro de Controle,controle,102,2,79.675811,39.045442,-62.053738,23.953795,1.244176,56.392163,ativo,,5,simulado
2,HAB,Habitação,habitat,103,2,52.523803,214.093445,-58.797751,23.618901,1.220834,72.340092,ativo,,5,simulado
2,LAB,Laboratório,laboratório,109,3,75.815542,34.782285,-82.703094,24.039062,1.568787,101.589428,ativo,,5,simulado
2,MED,Centro Médico,saúde,105,1,25.791438,81.460527,-55.268698,23.776033,1.068094,46.483761,ativo,,5,simulado
2,O2,Oxigênio,suporte de vida,104,1,24.059190,243.492665,-58.562214,24.148296,1.010833,75.648642,ativo,,5,simulado
2,RES,Recursos,recursos,108,3,35.244286,41.353089,-67.732722,24.049112,0.819600,58.796667,ativo,,5,simulado
3,AGRI,Agricultura,agricultura,107,2,53.132805,38.082187,-40.092454,23.923718,1.750636,48.461346,ativo,,5,simulado
3,ARM,Armazenamento de Energia,energia,101,2,20.047616,175.076925,-46.558734,24.089108,1.545237,31.905085,ativo,,5,simulado
3,ATM,Controle Atmosférico,suporte de vida,110,1,34.711800,135.232348,-80.392989,24.446076,1.483325,84.574723,ativo,,5,simulado
3,COM,Comunicação,comunicação,106,1,51.190821,40.281565,-51.980991,23.319145,1.610547,67.639747,ativo,,5,simulado
3,CTRL,Centro de Controle,controle,102,2,53.254973,158.722359,-84.892705,23.429696,1.286825,76.282953,ativo,,5,simulado
3,HAB,Habitação,habitat,103,2,64.555455,94.008769,-57.712032,23.429585,1.189033,55.643151,ativo,,5,simulado
3,LAB,Laboratório,laboratório,109,3,47.022273,41.651444,-48.973334,23.270227,1.136518,62.414115,ativo,,5,simulado
3,MED,Centro Médico,saúde,105,1,58.765483,151.983223,-67.217829,23.869643,1.669665,71.769897,ativo,,5,simulado
3,O2,Oxigênio,suporte de vida,104,1,82.682803,37.140502,-50.657839,23.925715,0.493337,60.172797,ativo,,5,simulado
3,RES,Recursos,recursos,108,3,35.475873,218.826184,-79.526220,23.784195,0.956470,81.197753,ativo,,5,simulado
4,AGRI,Agricultura,agricultura,107,2,38.217977,185.611855,-56.209140,23.849312,0.782086,81.718898,ativo,,5,simulado
4,ARM,Armazenamento de Energia,energia,101,2,31.798438,222.425771,-47.731687,24.009813,1.792101,54.908589,ativo,,5,simulado
4,ATM,Controle Atmosférico,suporte de vida,110,1,58.353974,107.093360,-67.128850,24.524010,0.429092,85.881562,ativo,,5,simulado
4,COM,Comunicação,comunicação,106,1,36.141276,76.653422,-60.671083,24.554164,1.645762,66.862454,ativo,,5,simulado
4,CTRL,Centro de Controle,controle,102,2,14.343511,12.453698,-57.723630,23.463726,1.076418,37.692890,ativo,,5,simulado
4,HAB,Habitação,habitat,103,2,70.404172,226.932417,-67.735726,23.872277,1.791578,75.432391,ativo,,5,simulado
4,LAB,Laboratório,laboratório,109,3,34.054996,137.900722,-79.014036,24.495642,1.027489,89.275172,ativo,,5,simulado
4,MED,Centro Médico,saúde,105,1,31.024954,208.113956,-82.865914,23.330266,1.378973,82.128883,ativo,,5,simulado
4,O2,Oxigênio,suporte de vida,104,1,16.903753,181.243345,-56.508448,23.990142,1.661841,48.179790,ativo,,5,simulado
4,RES,Recursos,recursos,108,3,54.788254,110.061642,-65.691885,24.134177,0.400445,89.338777,ativo,,5,simulado
5,AGRI,Agricultura,agricultura,107,2,57.492250,197.371254,-71.752116,23.309310,0.936510,73.733649,ativo,,5,simulado
5,ARM,Armazenamento de Energia,energia,101,2,20.049297,137.172928,-43.546681,23.813428,0.832794,29.621832,ativo,,5,simulado
5,ATM,Controle Atmosférico,suporte de vida,110,1,50.855472,111.994536,-66.138867,23.513608,0.671038,87.843079,ativo,,5,simulado
5,COM,Comunicação,comunicação,106,1,20.911075,62.129557,-75.881882,24.222711,1.642087,64.152365,ativo,,5,simulado
5,CTRL,Centro de Controle,controle,102,2,43.223023,185.112475,-73.310606,23.594945,1.364948,74.958488,ativo,,5,simulado
5,HAB,Habitação,habitat,103,2,72.768455,108.947708,-66.641468,23.968557,0.419334,75.317630,ativo,,5,simulado
5,LAB,Laboratório,laboratório,109,3,41.579831,228.674259,-83.432524,24.784233,0.629720,104.389327,ativo,,5,simulado
5,MED,Centro Médico,saúde,105,1,32.038298,219.525481,-47.336554,23.467042,0.812602,61.022232,ativo,,5,simulado
5,O2,Oxigênio,suporte de vida,104,1,76.102271,58.543959,-51.488209,24.711894,0.543024,76.973793,ativo,,5,simulado
5,RES,Recursos,recursos,108,3,33.579853,211.701892,-83.101832,24.798447,1.642812,72.895604,ativo,,5,simulado
6,AGRI,Agricultura,agricultura,107,2,79.074016,80.618714,-70.489896,24.360301,0.956169,95.656771,ativo,,5,simulado
6,ARM,Armazenamento de Energia,energia,101,2,83.682301,71.217733,-71.299198,24.076548,1.257376,77.603363,ativo,,5,simulado
6,ATM,Controle Atmosférico,suporte de vida,110,1,63.447584,32.781440,-64.773217,23.604258,1.710729,76.165929,ativo,,5,simulado
6,COM,Comunicação,comunicação,106,1,54.550920,82.897219,-43.507072,24.407620,1.565252,59.547396,ativo,,5,simulado
6,CTRL,Centro de Controle,controle,102,2,73.364861,66.712983,-54.951058,24.156638,1.348104,62.095839,ativo,,5,simulado
6,HAB,Habitação,habitat,103,2,52.024535,166.377523,-78.643526,24.083242,0.584852,88.656017,ativo,,5,simulado
6,LAB,Laboratório,laboratório,109,3,63.981224,77.397517,-42.269211,24.570487,0.685399,67.257018,ativo,,5,simulado
6,MED,Centro Médico,saúde,105,1,31.426745,127.957596,-72.120248,24.645903,0.529061,54.445621,ativo,,5,simulado
6,O2,Oxigênio,suporte de vida,104,1,16.224532,178.206627,-67.108345,24.376169,0.606583,56.786777,ativo,,5,simulado
6,RES,Recursos,recursos,108,3,70.457360,65.802229,-59.735864,23.623339,1.009131,70.805598,ativo,,5,simulado
7,AGRI,Agricultura,agricultura,107,2,82.618241,156.483782,-67.515173,24.484337,1.727617,105.087707,ativo,,5,simulado
7,ARM,Armazenamento de Energia,energia,101,2,80.565167,74.492215,-57.545692,23.918810,1.615515,78.101375,ativo,,5,simulado
7,ATM,Controle Atmosférico,suporte de vida,110,1,69.324784,13.970434,-63.234647,23.702879,1.418881,70.609169,ativo,,5,simulado
7,COM,Comunicação,comunicação,106,1,29.320102,40.483999,-74.170091,23.222537,1.053156,60.252330,ativo,,5,simulado
7,CTRL,Centro de Controle,controle,102,2,17.385992,163.431145,-73.325398,24.258356,0.983704,57.772694,ativo,,5,simulado
7,HAB,Habitação,habitat,103,2,56.067188,231.251392,-48.524964,24.344193,1.560429,54.165442,ativo,,5,simulado
7,LAB,Laboratório,laboratório,109,3,52.761928,115.833829,-82.857826,23.688133,1.616499,86.661749,ativo,,5,simulado
7,MED,Centro Médico,saúde,105,1,73.434802,59.487964,-61.387290,24.126787,0.738704,57.881947,ativo,,5,simulado
7,O2,Oxigênio,suporte de vida,104,1,42.933530,61.734150,-82.990582,23.404837,0.492412,79.961013,ativo,,5,simulado
7,RES,Recursos,recursos,108,3,19.508864,59.826227,-73.451057,24.432697,0.870129,68.040781,ativo,,5,simulado
8,AGRI,Agricultura,agricultura,107,2,18.728639,172.170793,-77.485026,24.108791,0.997190,70.548880,ativo,,5,simulado
8,ARM,Armazenamento de Energia,energia,101,2,53.301717,127.520197,-75.639663,24.239022,1.101115,72.176382,ativo,,5,simulado
8,ATM,Controle Atmosférico,suporte de vida,110,1,80.816481,87.263400,-60.287903,23.660321,0.980142,82.315902,ativo,,5,simulado
8,COM,Comunicação,comunicação,106,1,19.737963,30.017923,-73.797177,23.953434,0.702689,57.793240,ativo,,5,simulado
8,CTRL,Centro de Controle,controle,102,2,63.850775,234.256376,-54.561582,24.199352,1.011837,73.093784,ativo,,5,simulado
8,HAB,Habitação,habitat,103,2,55.696049,254.477008,-83.339550,24.222370,1.594004,73.993320,ativo,,5,simulado
8,LAB,Laboratório,laboratório,109,3,73.277925,160.171185,-78.392241,24.626295,1.500778,90.830771,ativo,,5,simulado
8,MED,Centro Médico,saúde,105,1,83.397407,113.765589,-67.686514,24.207952,1.454160,84.987571,ativo,,5,simulado
8,O2,Oxigênio,suporte de vida,104,1,14.882973,77.709551,-46.282869,23.465544,1.408719,33.097432,ativo,,5,simulado
8,RES,Recursos,recursos,108,3,10.979608,127.524439,-58.237915,24.512626,0.960764,64.280363,ativo,,5,simulado
9,AGRI,Agricultura,agricultura,107,2,53.850852,170.694920,-81.437203,24.783138,0.476981,80.268743,ativo,,5,simulado
9,ARM,Armazenamento de Energia,energia,101,2,70.339710,35.984518,-68.014245,24.053406,0.961964,67.120490,ativo,,5,simulado
9,ATM,Controle Atmosférico,suporte de vida,110,1,16.444022,37.064022,-62.500053,24.506260,1.125120,61.784080,ativo,,5,simulado
9,COM,Comunicação,comunicação,106,1,36.572739,114.700052,-56.216703,24.159725,1.790000,60.307288,ativo,,5,simulado
9,CTRL,Centro de Controle,controle,102,2,55.773423,141.984864,-48.558619,24.534630,1.703131,59.712210,ativo,,5,simulado
9,HAB,Habitação,habitat,103,2,68.519049,79.976597,-50.305951,24.156262,0.688795,71.317447,ativo,,5,simulado
9,LAB,Laboratório,laboratório,109,3,17.104782,152.916182,-83.200815,23.226880,0.758114,77.399099,ativo,,5,simulado
9,MED,Centro Médico,saúde,105,1,50.417657,17.888487,-70.997110,23.913640,0.724639,80.936166,ativo,,5,simulado
9,O2,Oxigênio,suporte de vida,104,1,40.035239,12.357325,-71.718115,23.739236,0.457948,62.748377,ativo,,5,simulado
9,RES,Recursos,recursos,108,3,68.308442,248.762701,-51.957994,24.528688,1.434677,84.746996,ativo,,5,simulado
10,AGRI,Agricultura,agricultura,107,2,65.549073,116.519885,-54.411894,24.184072,0.920866,72.707585,ativo,,5,simulado
10,ARM,Armazenamento de Energia,energia,101,2,50.196683,77.194024,-75.568076,23.303667,1.206911,70.149439,ativo,,5,simulado
10,ATM,Controle Atmosférico,suporte de vida,110,1,14.358851,38.706355,-55.259890,23.575268,1.472882,54.912321,ativo,,5,simulado
10,COM,Comunicação,comunicação,106,1,42.309289,230.606200,-55.269521,24.282101,1.372488,70.820337,ativo,,5,simulado
10,CTRL,Centro de Controle,controle,102,2,15.253916,156.615806,-49.566599,24.600504,1.472056,52.523684,ativo,,5,simulado
10,HAB,Habitação,habitat,103,2,55.037665,42.827826,-42.222941,23.203592,0.924722,51.921384,ativo,,5,simulado
10,LAB,Laboratório,laboratório,109,3,50.212167,79.288189,-41.321820,23.217976,1.012152,68.122050,ativo,,5,simulado
10,MED,Centro Médico,saúde,105,1,81.475518,220.844036,-64.202196,24.108689,0.581871,100.547190,ativo,,5,simulado
10,O2,Oxigênio,suporte de vida,104,1,40.950118,64.581665,-67.295756,23.847024,0.674791,62.004297,ativo,,5,simulado
10,RES,Recursos,recursos,108,3,76.799803,90.337009,-69.471636,23.285757,0.438254,91.145729,ativo,,5,simulado
11,AGRI,Agricultura,agricultura,107,2,11.751618,186.115117,-56.173082,24.542823,0.564455,54.572520,ativo,,5,simulado
11,ARM,Armazenamento de Energia,energia,101,2,67.625759,200.782971,-57.537586,24.637783,0.555873,63.677480,ativo,,5,simulado
11,ATM,Controle Atmosférico,suporte de vida,110,1,24.969582,243.896395,-81.708109,24.611504,1.003276,83.523347,ativo,,5,simulado
11,COM,Comunicação,comunicação,106,1,19.456635,79.964616,-53.751455,23.956607,1.274770,52.915033,ativo,,5,simulado
11,CTRL,Centro de Controle,controle,102,2,82.646556,33.885725,-68.277360,23.305861,0.723901,82.860445,ativo,,5,simulado
11,HAB,Habitação,habitat,103,2,44.425807,72.829238,-84.280458,23.796538,1.629755,71.103627,ativo,,5,simulado
11,LAB,Laboratório,laboratório,109,3,27.179942,89.933890,-84.631617,23.409451,1.492064,82.327549,ativo,,5,simulado
11,MED,Centro Médico,saúde,105,1,11.503067,214.411641,-48.228721,23.977446,1.225963,51.061954,ativo,,5,simulado
11,O2,Oxigênio,suporte de vida,104,1,73.935537,204.405485,-74.945392,24.743910,0.606697,89.257908,ativo,,5,simulado
11,RES,Recursos,recursos,108,3,18.224918,138.246368,-53.512918,23.221969,0.710077,64.629818,ativo,,5,simulado
12,AGRI,Agricultura,agricultura,107,2,54.683926,132.527686,-49.596489,24.439843,1.650603,67.157096,ativo,,5,simulado
12,ARM,Armazenamento de Energia,energia,101,2,10.142511,139.320875,-82.782868,23.698820,0.529580,66.753657,ativo,,5,simulado
12,ATM,Controle Atmosférico,suporte de vida,110,1,54.443108,134.296316,-67.751780,23.448194,0.466639,93.925502,ativo,,5,simulado
12,COM,Comunicação,comunicação,106,1,76.192255,39.718933,-80.141794,24.399505,1.304387,75.146398,ativo,,5,simulado
12,CTRL,Centro de Controle,controle,102,2,24.540007,236.433752,-68.387258,23.526196,0.814782,53.254341,ativo,,5,simulado
12,HAB,Habitação,habitat,103,2,50.350276,52.030427,-40.752898,23.644799,1.188891,47.587491,ativo,,5,simulado
12,LAB,Laboratório,laboratório,109,3,50.430649,208.158023,-57.337972,24.460865,1.559400,87.383945,ativo,,5,simulado
12,MED,Centro Médico,saúde,105,1,36.011249,111.015282,-64.142448,24.121007,0.540450,61.304838,ativo,,5,simulado
12,O2,Oxigênio,suporte de vida,104,1,42.898849,184.479915,-49.519700,24.702336,0.409424,56.381756,ativo,,5,simulado
12,RES,Recursos,recursos,108,3,46.005894,191.042347,-84.809136,23.501472,1.721828,86.437520,ativo,,5,simulado
13,AGRI,Agricultura,agricultura,107,2,67.527334,125.249239,-68.474349,23.523052,1.234997,75.507085,ativo,,5,simulado
13,ARM,Armazenamento de Energia,energia,101,2,29.709582,254.307528,-46.338880,24.148794,0.947717,61.650581,ativo,,5,simulado
13,ATM,Controle Atmosférico,suporte de vida,110,1,77.168626,27.420677,-81.454887,24.597557,1.137024,93.800408,ativo,,5,simulado
13,COM,Comunicação,comunicação,106,1,48.410554,111.904301,-40.313362,23.570194,1.163845,57.112060,ativo,,5,simulado
13,CTRL,Centro de Controle,controle,102,2,80.176310,12.254950,-79.144459,23.477270,0.610772,74.169953,ativo,,5,simulado
13,HAB,Habitação,habitat,103,2,67.138955,246.503835,-83.964042,24.719198,0.462833,81.111876,ativo,,5,simulado
13,LAB,Laboratório,laboratório,109,3,30.437337,23.234534,-73.662247,23.970653,1.356905,79.774723,ativo,,5,simulado
13,MED,Centro Médico,saúde,105,1,34.505931,225.136560,-53.050552,24.207068,0.485093,65.064198,ativo,,5,simulado
13,O2,Oxigênio,suporte de vida,104,1,29.033819,172.048899,-42.611038,24.424683,0.589120,46.076053,ativo,,5,simulado
13,RES,Recursos,recursos,108,3,65.328115,197.692428,-51.616563,24.664289,1.323067,81.172138,ativo,,5,simulado
14,AGRI,Agricultura,agricultura,107,2,21.555546,226.788064,-65.571767,23.371513,0.884362,86.055539,ativo,,5,simulado
14,ARM,Armazenamento de Energia,energia,101,2,26.872791,148.353939,-54.637511,23.722964,1.273270,40.283385,ativo,,5,simulado
14,ATM,Controle Atmosférico,suporte de vida,110,1,36.472610,254.100329,-46.591781,23.876565,1.564779,69.527771,ativo,,5,simulado
14,COM,Comunicação,comunicação,106,1,27.468851,146.759759,-51.092738,24.495324,0.428258,50.841701,ativo,,5,simulado
14,CTRL,Centro de Controle,controle,102,2,40.810016,252.084362,-61.596766,24.517768,1.726914,59.031437,ativo,,5,simulado
14,HAB,Habitação,habitat,103,2,43.026707,35.562106,-42.810338,23.923301,1.383243,45.763544,ativo,,5,simulado
14,LAB,Laboratório,laboratório,109,3,52.055970,65.870202,-77.119201,24.432108,1.384585,97.132607,ativo,,5,simulado
14,MED,Centro Médico,saúde,105,1,39.700118,81.308295,-50.278771,23.403832,0.751938,49.904944,ativo,,5,simulado
14,O2,Oxigênio,suporte de vida,104,1,11.454124,199.074646,-74.559264,23.216744,0.585783,72.940907,ativo,,5,simulado
14,RES,Recursos,recursos,108,3,26.095447,43.436080,-68.452577,23.259658,1.561883,57.798935,ativo,,5,simulado
15,AGRI,Agricultura,agricultura,107,2,43.133320,144.530621,-62.536175,23.438576,0.441427,61.952047,ativo,,5,simulado
15,ARM,Armazenamento de Energia,energia,101,2,39.228583,121.801030,-80.493254,24.525096,1.212575,66.294725,ativo,,5,simulado
15,ATM,Controle Atmosférico,suporte de vida,110,1,16.851538,119.646815,-64.063734,24.286633,1.152647,65.024197,ativo,,5,simulado
15,COM,Comunicação,comunicação,106,1,29.262279,152.458160,-40.212130,24.677709,1.563462,57.468577,ativo,,5,simulado
15,CTRL,Centro de Controle,controle,102,2,83.092446,142.850380,-50.801473,24.247464,1.538045,62.942827,ativo,,5,simulado
15,HAB,Habitação,habitat,103,2,84.902915,51.323571,-44.765383,24.692103,1.028610,70.202855,ativo,,5,simulado
15,LAB,Laboratório,laboratório,109,3,17.476883,104.527240,-78.763649,23.399506,1.059091,67.311305,ativo,,5,simulado
15,MED,Centro Médico,saúde,105,1,67.579025,47.842953,-72.802889,23.476423,0.795855,80.929199,ativo,,5,simulado
15,O2,Oxigênio,suporte de vida,104,1,26.721435,31.503865,-75.724808,24.455336,0.421719,60.378160,ativo,,5,simulado
15,RES,Recursos,recursos,108,3,34.498528,30.170267,-77.093762,23.781855,0.415628,72.248278,ativo,,5,simulado
16,AGRI,Agricultura,agricultura,107,2,50.475797,191.305005,-81.224914,24.106375,0.764980,90.955200,ativo,,5,simulado
16,ARM,Armazenamento de Energia,energia,101,2,59.349123,138.324485,-49.867979,24.168148,0.840343,53.913411,ativo,,5,simulado
16,ATM,Controle Atmosférico,suporte de vida,110,1,74.140660,129.614101,-61.416942,23.200231,1.642571,80.187845,ativo,,5,simulado
16,COM,Comunicação,comunicação,106,1,69.432083,63.824400,-82.527312,24.076914,1.467198,94.315619,ativo,,5,simulado
16,CTRL,Centro de Controle,controle,102,2,28.213405,163.641344,-55.483680,23.979239,1.735218,52.818966,ativo,,5,simulado
16,HAB,Habitação,habitat,103,2,15.176453,186.833225,-77.370557,23.688808,0.709686,67.460126,ativo,,5,simulado
16,LAB,Laboratório,laboratório,109,3,64.538355,229.930931,-84.467754,24.767256,0.651583,102.746054,ativo,,5,simulado
16,MED,Centro Médico,saúde,105,1,68.792402,242.991680,-67.241302,24.052528,1.748140,87.539696,ativo,,5,simulado
16,O2,Oxigênio,suporte de vida,104,1,40.972625,16.578123,-68.177230,23.881325,0.992382,59.565952,ativo,,5,simulado
16,RES,Recursos,recursos,108,3,82.543272,219.357257,-50.040054,23.459170,0.909850,87.226582,ativo,,5,simulado
17,AGRI,Agricultura,agricultura,107,2,69.399847,48.579200,-40.596945,23.958217,1.732557,49.090057,ativo,,5,simulado
17,ARM,Armazenamento de Energia,energia,101,2,30.154255,114.280088,-57.156443,23.624065,1.209547,51.588446,ativo,,5,simulado
17,ATM,Controle Atmosférico,suporte de vida,110,1,66.982175,41.883941,-70.654065,24.175998,1.628888,83.699486,ativo,,5,simulado
17,COM,Comunicação,comunicação,106,1,19.375163,10.787389,-55.321747,24.337732,0.820833,39.904944,ativo,,5,simulado
17,CTRL,Centro de Controle,controle,102,2,17.413935,114.986129,-81.786167,23.366882,0.896224,54.124419,ativo,,5,simulado
17,HAB,Habitação,habitat,103,2,23.478283,105.299860,-58.697154,24.367866,0.728419,42.556887,ativo,,5,simulado
17,LAB,Laboratório,laboratório,109,3,73.855471,71.270734,-67.373067,24.617266,1.241541,103.448862,ativo,,5,simulado
17,MED,Centro Médico,saúde,105,1,84.687485,43.044739,-81.985431,23.711843,1.332822,90.087316,ativo,,5,simulado
17,O2,Oxigênio,suporte de vida,104,1,25.097893,93.756887,-53.041977,24.407466,1.034647,46.269274,ativo,,5,simulado
17,RES,Recursos,recursos,108,3,54.745751,28.410860,-67.854212,24.599126,0.908587,72.917786,ativo,,5,simulado
18,AGRI,Agricultura,agricultura,107,2,73.805424,33.238714,-74.849878,24.098953,1.605130,89.027728,ativo,,5,simulado
18,ARM,Armazenamento de Energia,energia,101,2,70.634487,54.897370,-81.291219,23.585574,1.137970,76.463271,ativo,,5,simulado
18,ATM,Controle Atmosférico,suporte de vida,110,1,52.766004,59.162667,-75.560195,24.371467,1.161942,80.578493,ativo,,5,simulado
18,COM,Comunicação,comunicação,106,1,19.033966,241.049918,-80.723687,23.565638,0.996429,68.799579,ativo,,5,simulado
18,CTRL,Centro de Controle,controle,102,2,11.113311,237.569060,-48.664989,24.687791,0.901643,37.959410,ativo,,5,simulado
18,HAB,Habitação,habitat,103,2,84.476586,192.162777,-58.637810,24.442861,0.760062,77.488689,ativo,,5,simulado
18,LAB,Laboratório,laboratório,109,3,24.450929,120.492080,-82.649340,23.959205,1.073147,67.858628,ativo,,5,simulado
18,MED,Centro Médico,saúde,105,1,50.331475,153.199991,-84.483766,23.819303,1.310137,82.152782,ativo,,5,simulado
18,O2,Oxigênio,suporte de vida,104,1,38.035429,65.577082,-70.210694,23.499053,0.750267,70.146546,ativo,,5,simulado
18,RES,Recursos,recursos,108,3,12.837187,44.538189,-84.428959,24.545843,1.397329,70.322322,ativo,,5,simulado
19,AGRI,Agricultura,agricultura,107,2,27.174794,236.536227,-54.846825,24.037907,1.019395,73.248096,ativo,,5,simulado
19,ARM,Armazenamento de Energia,energia,101,2,78.447342,84.228256,-62.438306,24.449239,1.225261,69.910580,ativo,,5,simulado
19,ATM,Controle Atmosférico,suporte de vida,110,1,38.156996,116.216213,-77.431531,24.437056,0.673600,80.724617,ativo,,5,simulado
19,COM,Comunicação,comunicação,106,1,56.578154,246.673148,-62.360531,24.300817,0.577207,70.296694,ativo,,5,simulado
19,CTRL,Centro de Controle,controle,102,2,19.313538,171.938041,-56.060034,24.521780,0.561575,43.025358,ativo,,5,simulado
19,HAB,Habitação,habitat,103,2,38.816050,244.685600,-81.120805,24.236603,1.343149,93.266674,ativo,,5,simulado
19,LAB,Laboratório,laboratório,109,3,72.339679,157.123889,-40.894357,24.355732,0.977534,77.257336,ativo,,5,simulado
19,MED,Centro Médico,saúde,105,1,27.926594,191.656955,-81.439732,23.661408,1.055656,76.974041,ativo,,5,simulado
19,O2,Oxigênio,suporte de vida,104,1,35.497808,247.851884,-41.218614,24.430224,1.621320,50.606007,ativo,,5,simulado
19,RES,Recursos,recursos,108,3,31.351500,43.298961,-57.469119,24.525253,1.168023,52.521404,ativo,,5,simulado
20,AGRI,Agricultura,agricultura,107,2,76.211491,119.471102,-49.178512,24.380383,1.080361,84.752687,ativo,,5,simulado
20,ARM,Armazenamento de Energia,energia,101,2,53.242622,24.808779,-71.887577,24.558212,0.770375,68.960772,ativo,,5,simulado
20,ATM,Controle Atmosférico,suporte de vida,110,1,37.568318,50.608200,-40.291742,23.998771,0.932318,58.437099,ativo,,5,simulado
20,COM,Comunicação,comunicação,106,1,30.777036,203.465050,-62.701236,23.326368,0.831465,64.210040,ativo,,5,simulado
20,CTRL,Centro de Controle,controle,102,2,66.089135,210.806035,-69.330436,23.311976,0.584876,79.124169,ativo,,5,simulado
20,HAB,Habitação,habitat,103,2,16.301788,91.849839,-60.335613,24.164691,0.791204,54.291683,ativo,,5,simulado
20,LAB,Laboratório,laboratório,109,3,63.880285,92.819888,-63.883745,23.995841,1.050770,84.337815,ativo,,5,simulado
20,MED,Centro Médico,saúde,105,1,11.532196,24.385701,-75.766285,23.532022,0.627309,55.312043,ativo,,5,simulado
20,O2,Oxigênio,suporte de vida,104,1,39.935903,25.112045,-78.102584,24.781513,1.458201,59.284788,ativo,,5,simulado
20,RES,Recursos,recursos,108,3,14.852971,184.441551,-73.631956,23.547571,0.605820,73.771131,ativo,,5,simulado
21,AGRI,Agricultura,agricultura,107,2,43.943348,24.429081,-56.941451,23.904420,1.282158,47.143062,ativo,,5,simulado
21,ARM,Armazenamento de Energia,energia,101,2,82.938567,75.465538,-69.096882,23.318068,1.735575,81.629797,ativo,,5,simulado
21,ATM,Controle Atmosférico,suporte de vida,110,1,59.288111,38.242816,-61.257370,24.021632,1.304777,84.732506,ativo,,5,simulado
21,COM,Comunicação,comunicação,106,1,80.138621,18.673939,-75.143339,23.265658,1.243100,96.369793,ativo,,5,simulado
21,CTRL,Centro de Controle,controle,102,2,31.442509,166.696118,-43.200540,23.651252,1.366833,42.164453,ativo,,5,simulado
21,HAB,Habitação,habitat,103,2,67.552372,122.326637,-76.464634,23.763023,0.622713,86.880386,ativo,,5,simulado
21,LAB,Laboratório,laboratório,109,3,51.179745,46.592150,-72.170991,24.539504,1.720064,71.053702,ativo,,5,simulado
21,MED,Centro Médico,saúde,105,1,15.944963,176.599644,-53.052389,24.224980,1.094877,58.613310,ativo,,5,simulado
21,O2,Oxigênio,suporte de vida,104,1,56.244104,145.705057,-64.288878,23.342558,1.730231,62.239642,ativo,,5,simulado
21,RES,Recursos,recursos,108,3,30.870317,46.344331,-74.288715,24.677331,1.703102,69.287366,ativo,,5,simulado
22,AGRI,Agricultura,agricultura,107,2,56.108821,89.915976,-81.480258,24.784181,1.382524,88.812809,ativo,,5,simulado
22,ARM,Armazenamento de Energia,energia,101,2,21.369976,91.506469,-56.650607,23.971985,1.458219,32.146244,ativo,,5,simulado
22,ATM,Controle Atmosférico,suporte de vida,110,1,21.333184,178.711386,-47.717371,24.040259,1.588840,46.544904,ativo,,5,simulado
22,COM,Comunicação,comunicação,106,1,79.716444,206.704767,-65.227891,23.834207,1.052213,89.228722,ativo,,5,simulado
22,CTRL,Centro de Controle,controle,102,2,10.017584,145.483924,-68.431815,24.711271,0.979952,49.458866,ativo,,5,simulado
22,HAB,Habitação,habitat,103,2,60.724285,204.610122,-80.881105,23.936627,1.206104,88.048709,ativo,,5,simulado
22,LAB,Laboratório,laboratório,109,3,20.013939,174.447248,-45.036310,23.733265,1.630773,57.074005,ativo,,5,simulado
22,MED,Centro Médico,saúde,105,1,80.477819,37.165538,-45.455103,23.336602,0.491802,62.033135,ativo,,5,simulado
22,O2,Oxigênio,suporte de vida,104,1,58.081899,121.250316,-67.852093,23.677818,0.535098,57.463879,ativo,,5,simulado
22,RES,Recursos,recursos,108,3,66.283263,75.233621,-59.546857,24.208463,0.441885,68.226832,ativo,,5,simulado
23,AGRI,Agricultura,agricultura,107,2,80.270421,154.015130,-74.620170,24.758212,0.431760,98.515941,ativo,,5,simulado
23,ARM,Armazenamento de Energia,energia,101,2,84.758187,182.888371,-52.859486,24.388677,1.565045,66.278438,ativo,,5,simulado
23,ATM,Controle Atmosférico,suporte de vida,110,1,39.310862,69.593019,-77.208575,23.313135,1.548536,78.573315,ativo,,5,simulado
23,COM,Comunicação,comunicação,106,1,70.278636,147.856744,-41.813621,24.151037,0.898738,64.114421,ativo,,5,simulado
23,CTRL,Centro de Controle,controle,102,2,36.954163,103.406254,-78.525507,23.240164,1.521561,62.345028,ativo,,5,simulado
23,HAB,Habitação,habitat,103,2,71.654786,190.087426,-46.751542,23.657365,0.832963,67.659602,ativo,,5,simulado
23,LAB,Laboratório,laboratório,109,3,52.484066,110.743146,-64.467572,23.989822,1.027300,67.647236,ativo,,5,simulado
23,MED,Centro Médico,saúde,105,1,62.342184,50.792457,-53.455204,24.266479,1.452890,65.604837,ativo,,5,simulado
23,O2,Oxigênio,suporte de vida,104,1,81.527955,87.508435,-42.465960,24.179752,1.539341,56.023676,ativo,,5,simulado
23,RES,Recursos,recursos,108,3,59.541449,101.616603,-81.969412,24.244229,1.700087,93.417069,ativo,,5,simulado
24,AGRI,Agricultura,agricultura,107,2,48.563643,142.492871,-40.497754,24.208816,1.169113,57.402657,ativo,,5,simulado
24,ARM,Armazenamento de Energia,energia,101,2,79.223652,235.776150,-81.349625,23.777248,0.665323,90.685563,ativo,,5,simulado
24,ATM,Controle Atmosférico,suporte de vida,110,1,71.780849,60.561169,-64.297311,23.540369,0.764185,84.195552,ativo,,5,simulado
24,COM,Comunicação,comunicação,106,1,58.760941,201.618517,-64.998347,24.756406,1.455404,92.738123,ativo,,5,simulado
24,CTRL,Centro de Controle,controle,102,2,16.394564,210.197620,-52.230996,23.351506,1.792550,43.729183,ativo,,5,simulado
24,HAB,Habitação,habitat,103,2,62.689655,136.475632,-56.703532,24.152018,1.790465,69.506066,ativo,,5,simulado
24,LAB,Laboratório,laboratório,109,3,45.950241,239.376291,-64.415102,24.306594,1.786729,81.522341,ativo,,5,simulado
24,MED,Centro Médico,saúde,105,1,24.486849,175.829614,-48.279711,24.408650,1.061376,65.537271,ativo,,5,simulado
24,O2,Oxigênio,suporte de vida,104,1,19.261928,60.524396,-48.505065,23.865465,1.341483,36.104553,ativo,,5,simulado
24,RES,Recursos,recursos,108,3,56.763121,31.630959,-43.655181,24.355830,0.551598,53.082960,ativo,,5,simulado
25,AGRI,Agricultura,agricultura,107,2,16.073797,148.154688,-65.006633,23.262899,1.557140,62.108756,ativo,,5,simulado
25,ARM,Armazenamento de Energia,energia,101,2,47.007029,47.892965,-60.743008,24.191565,1.367383,50.058342,ativo,,5,simulado
25,ATM,Controle Atmosférico,suporte de vida,110,1,35.727554,198.197385,-70.467637,23.523241,0.818606,89.986306,ativo,,5,simulado
25,COM,Comunicação,comunicação,106,1,29.782071,27.321575,-48.185447,23.726594,1.548469,146.397284,alerta,Congestionamento simulado no enlace local,5,simulado
25,CTRL,Centro de Controle,controle,102,2,51.955141,35.261701,-78.808946,23.207922,1.791712,71.088180,ativo,,5,simulado
25,HAB,Habitação,habitat,103,2,33.785168,205.994859,-47.086431,23.550737,0.853038,46.856544,ativo,,5,simulado
25,LAB,Laboratório,laboratório,109,3,48.290180,240.007736,-52.582097,23.236645,1.715884,72.458674,ativo,,5,simulado
25,MED,Centro Médico,saúde,105,1,37.258451,78.833966,-44.851306,24.574482,1.453380,53.225617,ativo,,5,simulado
25,O2,Oxigênio,suporte de vida,104,1,32.730303,40.452847,-58.480708,24.659097,0.428520,53.363482,ativo,,5,simulado
25,RES,Recursos,recursos,108,3,35.873280,196.920341,-62.638205,24.327895,1.151734,78.762044,ativo,,5,simulado
26,AGRI,Agricultura,agricultura,107,2,43.657941,218.362819,-42.268934,24.550182,1.242599,60.541244,ativo,,5,simulado
26,ARM,Armazenamento de Energia,energia,101,2,83.407848,206.912280,-75.507774,23.689046,1.014348,87.206194,ativo,,5,simulado
26,ATM,Controle Atmosférico,suporte de vida,110,1,31.359489,14.299725,-67.220133,23.466746,0.967577,68.381666,ativo,,5,simulado
26,COM,Comunicação,comunicação,106,1,14.417673,208.840023,-58.557055,23.863910,1.274640,57.128484,ativo,,5,simulado
26,CTRL,Centro de Controle,controle,102,2,40.687580,128.398956,-68.396396,23.751600,0.607265,59.659590,ativo,,5,simulado
26,HAB,Habitação,habitat,103,2,52.975985,52.213732,-48.045798,23.765250,1.151922,47.505720,ativo,,5,simulado
26,LAB,Laboratório,laboratório,109,3,22.668846,125.271720,-71.437870,24.360426,1.424125,77.303822,ativo,,5,simulado
26,MED,Centro Médico,saúde,105,1,45.942013,18.844239,-66.289425,24.423614,1.519868,67.673830,ativo,,5,simulado
26,O2,Oxigênio,suporte de vida,104,1,68.553451,206.811140,-83.376473,23.402037,1.679398,90.472970,ativo,,5,simulado
26,RES,Recursos,recursos,108,3,80.623847,144.919982,-63.568559,23.574788,1.466559,91.665668,ativo,,5,simulado
27,AGRI,Agricultura,agricultura,107,2,76.269314,176.564370,-44.032236,23.401648,1.342228,65.400183,ativo,,5,simulado
27,ARM,Armazenamento de Energia,energia,101,2,28.010332,143.334455,-51.152876,23.575625,1.037529,48.423268,ativo,,5,simulado
27,ATM,Controle Atmosférico,suporte de vida,110,1,66.604810,105.124203,-69.495354,23.992900,1.728062,93.986359,ativo,,5,simulado
27,COM,Comunicação,comunicação,106,1,26.350652,239.980684,-56.734470,24.318836,1.226168,51.538289,ativo,,5,simulado
27,CTRL,Centro de Controle,controle,102,2,15.614237,185.548241,-41.050028,24.157130,1.260246,38.132801,ativo,,5,simulado
27,HAB,Habitação,habitat,103,2,30.904518,159.676327,-51.981795,24.768140,1.232523,33.486822,ativo,,5,simulado
27,LAB,Laboratório,laboratório,109,3,31.165348,214.674118,-69.162105,24.257079,1.320463,77.987080,ativo,,5,simulado
27,MED,Centro Médico,saúde,105,1,56.096419,17.861917,-52.362337,24.235861,1.046750,52.940811,ativo,,5,simulado
27,O2,Oxigênio,suporte de vida,104,1,64.844883,218.893953,-78.967253,24.507061,1.263200,87.836710,ativo,,5,simulado
27,RES,Recursos,recursos,108,3,81.521185,11.033607,-78.429237,23.571002,0.887782,99.558477,ativo,,5,simulado
28,AGRI,Agricultura,agricultura,107,2,41.062337,41.361665,-42.845376,23.751066,1.799042,50.868250,ativo,,5,simulado
28,ARM,Armazenamento de Energia,energia,101,2,31.225407,24.331823,-60.936752,23.421928,1.261524,50.469269,ativo,,5,simulado
28,ATM,Controle Atmosférico,suporte de vida,110,1,73.817908,228.566382,-55.083728,24.701383,1.348880,90.930476,ativo,,5,simulado
28,COM,Comunicação,comunicação,106,1,33.042779,208.583450,-52.804109,24.215064,0.425383,66.485252,ativo,,5,simulado
28,CTRL,Centro de Controle,controle,102,2,43.135491,198.555675,-73.823950,23.751014,0.725582,71.321960,ativo,,5,simulado
28,HAB,Habitação,habitat,103,2,41.386623,244.389249,-79.696074,23.583118,1.694387,76.669112,ativo,,5,simulado
28,LAB,Laboratório,laboratório,109,3,34.385270,182.490005,-83.066686,23.257908,0.732102,71.483879,ativo,,5,simulado
28,MED,Centro Médico,saúde,105,1,60.098609,87.802954,-41.642221,24.686843,0.766903,68.200004,ativo,,5,simulado
28,O2,Oxigênio,suporte de vida,104,1,46.963135,221.430623,-46.489441,24.141958,1.111869,62.652617,ativo,,5,simulado
28,RES,Recursos,recursos,108,3,17.445519,47.230082,-50.090275,24.011580,0.645803,49.842082,ativo,,5,simulado
29,AGRI,Agricultura,agricultura,107,2,22.844936,61.030943,-82.403899,23.728505,0.711335,62.861646,ativo,,5,simulado
29,ARM,Armazenamento de Energia,energia,101,2,24.985714,204.127096,-53.854920,24.253269,1.627009,46.382359,ativo,,5,simulado
29,ATM,Controle Atmosférico,suporte de vida,110,1,59.342722,221.072548,-59.408453,23.776794,1.308534,82.633913,ativo,,5,simulado
29,COM,Comunicação,comunicação,106,1,84.516465,22.459976,-79.764505,23.674789,0.474083,93.217554,ativo,,5,simulado
29,CTRL,Centro de Controle,controle,102,2,18.042599,29.969205,-68.544942,24.767217,0.914210,51.566112,ativo,,5,simulado
29,HAB,Habitação,habitat,103,2,13.882987,145.430769,-77.909085,24.643589,1.606614,60.570670,ativo,,5,simulado
29,LAB,Laboratório,laboratório,109,3,37.446512,144.990611,-45.139505,23.766698,1.050798,57.670205,ativo,,5,simulado
29,MED,Centro Médico,saúde,105,1,55.742582,25.142842,-70.236854,23.722055,0.673274,75.659814,ativo,,5,simulado
29,O2,Oxigênio,suporte de vida,104,1,29.644824,210.636788,-62.050556,23.236807,0.409311,63.397209,ativo,,5,simulado
29,RES,Recursos,recursos,108,3,54.539050,110.292631,-52.843100,23.547412,1.359497,57.924932,ativo,,5,simulado
30,AGRI,Agricultura,agricultura,107,2,37.302428,45.897308,-51.900736,24.144853,1.146881,56.130990,ativo,,5,simulado
30,ARM,Armazenamento de Energia,energia,101,2,75.682963,20.672146,-54.713233,24.549855,0.839319,55.814490,ativo,,5,simulado
30,ATM,Controle Atmosférico,suporte de vida,110,1,25.838811,119.656405,-48.185037,23.902418,0.417224,62.573057,ativo,,5,simulado
30,COM,Comunicação,comunicação,106,1,62.952242,121.602261,-40.476207,24.309858,0.884575,62.864176,ativo,,5,simulado
30,CTRL,Centro de Controle,controle,102,2,80.089748,240.432670,-69.810897,23.857918,0.887854,94.247462,ativo,,5,simulado
30,HAB,Habitação,habitat,103,2,83.806354,176.182721,-65.501461,23.249699,1.541868,84.971505,ativo,,5,simulado
30,LAB,Laboratório,laboratório,109,3,68.845898,61.126184,-81.259387,23.687177,1.211017,80.325568,ativo,,5,simulado
30,MED,Centro Médico,saúde,105,1,65.611120,199.586741,-43.106937,24.741905,0.955858,59.315845,ativo,,5,simulado
30,O2,Oxigênio,suporte de vida,104,1,26.117592,32.171846,-44.541271,24.385887,0.839901,45.452040,ativo,,5,simulado
30,RES,Recursos,recursos,108,3,72.079474,49.073203,-45.034429,24.469266,1.220244,82.293403,ativo,,5,simulado
31,AGRI,Agricultura,agricultura,107,2,81.574605,220.260887,-69.212951,24.496543,1.272897,96.328140,ativo,,5,simulado
31,ARM,Armazenamento de Energia,energia,101,2,35.324831,144.163244,-50.470163,23.587956,0.779097,38.383454,ativo,,5,simulado
31,ATM,Controle Atmosférico,suporte de vida,110,1,47.827489,207.472778,-55.435698,24.632965,1.358248,77.959261,ativo,,5,simulado
31,COM,Comunicação,comunicação,106,1,23.853437,10.123913,-57.170544,23.695559,0.789681,48.407885,ativo,,5,simulado
31,CTRL,Centro de Controle,controle,102,2,27.355999,226.042425,-45.168041,23.577215,1.208720,43.187541,ativo,,5,simulado
31,HAB,Habitação,habitat,103,2,23.197929,181.749092,-53.090986,23.408924,1.512553,40.577828,ativo,,5,simulado
31,LAB,Laboratório,laboratório,109,3,36.154854,134.022591,-66.656125,23.370608,1.461854,80.036926,ativo,,5,simulado
31,MED,Centro Médico,saúde,105,1,49.615020,48.284636,-62.379302,23.754101,1.115234,60.027712,ativo,,5,simulado
31,O2,Oxigênio,suporte de vida,104,1,80.096123,196.160181,-40.859247,23.516687,1.643131,59.537392,ativo,,5,simulado
31,RES,Recursos,recursos,108,3,74.490423,181.389783,-82.868539,24.760666,0.439424,95.516298,ativo,,5,simulado
32,AGRI,Agricultura,agricultura,107,2,50.803219,62.439200,-72.380892,23.954408,1.323657,82.464511,ativo,,5,simulado
32,ARM,Armazenamento de Energia,energia,101,2,11.626512,245.815517,-48.003157,24.326016,1.139521,55.179028,ativo,,5,simulado
32,ATM,Controle Atmosférico,suporte de vida,110,1,79.151637,15.288146,-54.266413,24.035843,1.490270,74.453520,ativo,,5,simulado
32,COM,Comunicação,comunicação,106,1,27.369249,80.644941,-52.720994,23.537556,0.557054,42.835782,ativo,,5,simulado
32,CTRL,Centro de Controle,controle,102,2,75.226526,77.820062,-71.592915,23.805487,1.643393,74.759293,ativo,,5,simulado
32,HAB,Habitação,habitat,103,2,68.727411,144.133889,-50.663280,23.797046,0.532480,75.246985,ativo,,5,simulado
32,LAB,Laboratório,laboratório,109,3,30.043124,154.552551,-64.713410,24.456137,1.655053,70.078122,ativo,,5,simulado
32,MED,Centro Médico,saúde,105,1,52.789519,203.690379,-71.826865,23.806657,0.755764,79.277396,ativo,,5,simulado
32,O2,Oxigênio,suporte de vida,104,1,84.752537,235.637438,-41.152025,24.409751,1.470865,64.559327,ativo,,5,simulado
32,RES,Recursos,recursos,108,3,61.580062,221.983330,-54.660774,23.552019,1.348053,85.787394,ativo,,5,simulado
33,AGRI,Agricultura,agricultura,107,2,67.739439,193.026297,-42.401288,24.013961,1.126691,75.346157,ativo,,5,simulado
33,ARM,Armazenamento de Energia,energia,101,2,54.030689,120.353814,-56.599560,24.423564,1.457486,56.731542,ativo,,5,simulado
33,ATM,Controle Atmosférico,suporte de vida,110,1,64.939006,85.340307,-58.027314,24.638492,1.407799,68.267070,ativo,,5,simulado
33,COM,Comunicação,comunicação,106,1,65.275222,92.714377,-53.169457,23.631835,1.616855,69.605408,ativo,,5,simulado
33,CTRL,Centro de Controle,controle,102,2,19.088815,44.194420,-84.906325,24.512989,0.535208,46.140202,ativo,,5,simulado
33,HAB,Habitação,habitat,103,2,46.187689,247.178696,-58.309424,24.317443,0.771558,56.725923,ativo,,5,simulado
33,LAB,Laboratório,laboratório,109,3,16.482311,64.533238,-49.333544,23.505770,1.429987,41.330886,ativo,,5,simulado
33,MED,Centro Médico,saúde,105,1,69.412201,248.733673,-47.844446,24.066282,0.550207,65.955583,ativo,,5,simulado
33,O2,Oxigênio,suporte de vida,104,1,81.235475,157.151813,-62.151751,23.257415,1.408716,81.239672,ativo,,5,simulado
33,RES,Recursos,recursos,108,3,56.285143,218.628841,-66.026838,23.901434,1.486255,93.047903,ativo,,5,simulado
34,AGRI,Agricultura,agricultura,107,2,53.011554,98.934205,-43.624997,24.077826,0.736098,58.930944,ativo,,5,simulado
34,ARM,Armazenamento de Energia,energia,101,2,69.316709,29.052724,-59.059353,23.974199,0.918949,68.568037,ativo,,5,simulado
34,ATM,Controle Atmosférico,suporte de vida,110,1,54.692498,113.127484,-62.951910,23.994844,1.572441,84.598218,ativo,,5,simulado
34,COM,Comunicação,comunicação,106,1,14.937674,78.344155,-58.507373,23.228812,1.108266,52.640115,ativo,,5,simulado
34,CTRL,Centro de Controle,controle,102,2,28.670709,50.102256,-74.492211,23.533277,1.008066,51.484299,ativo,,5,simulado
34,HAB,Habitação,habitat,103,2,32.542008,249.833306,-54.462976,24.745377,1.448509,56.837855,ativo,,5,simulado
34,LAB,Laboratório,laboratório,109,3,34.563705,63.968435,-75.938680,24.183630,0.531245,65.372659,ativo,,5,simulado
34,MED,Centro Médico,saúde,105,1,11.859141,83.371760,-73.403715,24.591635,1.545189,41.432515,ativo,,5,simulado
34,O2,Oxigênio,suporte de vida,104,1,70.873698,189.689861,-46.710559,23.432268,0.615570,66.467324,ativo,,5,simulado
34,RES,Recursos,recursos,108,3,32.478061,63.924368,-50.429626,24.784247,0.640761,64.975401,ativo,,5,simulado
35,AGRI,Agricultura,agricultura,107,2,53.034809,189.247941,-47.291143,23.232419,1.249759,78.026094,ativo,,5,simulado
35,ARM,Armazenamento de Energia,energia,101,2,66.201772,159.104118,-73.579491,24.641449,0.991305,69.805980,ativo,,5,simulado
35,ATM,Controle Atmosférico,suporte de vida,110,1,42.357028,223.996915,-54.249862,23.350135,1.164469,81.280211,ativo,,5,simulado
35,COM,Comunicação,comunicação,106,1,51.278673,179.406836,-78.757514,24.628101,0.721288,70.113355,ativo,,5,simulado
35,CTRL,Centro de Controle,controle,102,2,57.267543,151.486041,-62.264374,23.227039,1.537155,53.617810,ativo,,5,simulado
35,HAB,Habitação,habitat,103,2,27.451562,232.980366,-80.879603,23.627133,1.394178,80.185441,ativo,,5,simulado
35,LAB,Laboratório,laboratório,109,3,42.207060,210.807752,-49.889520,23.291722,0.927673,72.033967,ativo,,5,simulado
35,MED,Centro Médico,saúde,105,1,20.990964,185.977452,-82.502698,24.777936,1.762347,68.057964,ativo,,5,simulado
35,O2,Oxigênio,suporte de vida,104,1,76.761549,142.755457,-65.826253,24.527641,0.401253,79.475396,ativo,,5,simulado
35,RES,Recursos,recursos,108,3,39.208503,175.693203,-71.479969,23.776375,0.594084,71.291287,ativo,,5,simulado
36,AGRI,Agricultura,agricultura,107,2,18.055477,227.482592,-74.842979,24.049257,1.506380,75.101020,ativo,,5,simulado
36,ARM,Armazenamento de Energia,energia,101,2,61.723151,193.048816,-67.241292,23.327955,0.468873,75.759818,ativo,,5,simulado
36,ATM,Controle Atmosférico,suporte de vida,110,1,43.563133,9.031431,-49.932809,23.954054,1.500811,64.393969,ativo,,5,simulado
36,COM,Comunicação,comunicação,106,1,41.103654,132.601506,-41.120019,23.517014,1.505665,62.251618,ativo,,5,simulado
36,CTRL,Centro de Controle,controle,102,2,43.846939,136.128364,-41.056879,24.185420,1.226468,41.560761,ativo,,5,simulado
36,HAB,Habitação,habitat,103,2,56.981187,150.851067,-70.230112,24.599702,0.877897,77.525682,ativo,,5,simulado
36,LAB,Laboratório,laboratório,109,3,64.294895,217.657930,-80.096906,24.726889,0.920097,98.678920,ativo,,5,simulado
36,MED,Centro Médico,saúde,105,1,82.978983,248.812277,-78.912570,23.332140,1.115639,96.514364,ativo,,5,simulado
36,O2,Oxigênio,suporte de vida,104,1,52.867343,107.243782,-75.132137,23.902000,1.354637,72.581662,ativo,,5,simulado
36,RES,Recursos,recursos,108,3,34.766421,122.514154,-76.324944,23.363678,0.830968,78.518876,ativo,,5,simulado
37,AGRI,Agricultura,agricultura,107,2,82.226982,52.331626,-63.008650,24.491064,0.517972,84.123255,ativo,,5,simulado
37,ARM,Armazenamento de Energia,energia,101,2,84.996023,74.236419,-64.904002,24.036700,0.587768,83.999548,ativo,,5,simulado
37,ATM,Controle Atmosférico,suporte de vida,110,1,57.796425,203.407361,-56.155217,23.336105,0.964592,83.037028,ativo,,5,simulado
37,COM,Comunicação,comunicação,106,1,37.548017,111.669589,-66.160394,24.482596,1.493531,74.115706,ativo,,5,simulado
37,CTRL,Centro de Controle,controle,102,2,52.969029,190.900262,-43.730985,23.345227,0.656039,64.840535,ativo,,5,simulado
37,HAB,Habitação,habitat,103,2,49.136911,40.302684,-71.558228,24.459895,0.566417,70.182060,ativo,,5,simulado
37,LAB,Laboratório,laboratório,109,3,74.697456,91.709227,-74.405435,24.555767,0.761015,93.650035,ativo,,5,simulado
37,MED,Centro Médico,saúde,105,1,47.624718,198.037507,-45.425027,24.725326,0.485787,52.961330,ativo,,5,simulado
37,O2,Oxigênio,suporte de vida,104,1,12.111274,40.114155,-65.628409,23.539725,1.709781,51.409321,ativo,,5,simulado
37,RES,Recursos,recursos,108,3,11.773851,33.402253,-55.542707,24.499755,0.991519,46.949853,ativo,,5,simulado
38,AGRI,Agricultura,agricultura,107,2,31.485596,218.221132,-78.612525,23.827514,1.729310,80.570808,ativo,,5,simulado
38,ARM,Armazenamento de Energia,energia,101,2,66.707907,34.396562,-78.272454,24.398133,0.971851,63.511672,ativo,,5,simulado
38,ATM,Controle Atmosférico,suporte de vida,110,1,26.047459,211.953235,-42.904983,23.997531,0.992929,62.634040,ativo,,5,simulado
38,COM,Comunicação,comunicação,106,1,41.003176,93.275075,-63.709515,24.004456,1.208349,65.886540,ativo,,5,simulado
38,CTRL,Centro de Controle,controle,102,2,64.895164,143.769284,-62.532049,24.744328,0.766602,70.514996,ativo,,5,simulado
38,HAB,Habitação,habitat,103,2,79.569748,198.044994,-64.237532,24.430523,1.133219,82.316111,ativo,,5,simulado
38,LAB,Laboratório,laboratório,109,3,80.652321,66.143009,-60.538937,23.864805,0.695308,92.480962,ativo,,5,simulado
38,MED,Centro Médico,saúde,105,1,27.376643,87.663096,-83.840938,23.213310,0.637913,70.353069,ativo,,5,simulado
38,O2,Oxigênio,suporte de vida,104,1,34.330782,240.827454,-47.372925,24.119210,0.447776,64.578642,ativo,,5,simulado
38,RES,Recursos,recursos,108,3,35.223987,154.633277,-62.225708,23.265434,1.002271,78.755600,ativo,,5,simulado
39,AGRI,Agricultura,agricultura,107,2,32.025677,247.263331,-74.533286,24.375315,1.645895,68.219637,ativo,,5,simulado
39,ARM,Armazenamento de Energia,energia,101,2,48.707757,35.100634,-45.298353,23.502742,1.295030,53.590332,ativo,,5,simulado
39,ATM,Controle Atmosférico,suporte de vida,110,1,22.660959,176.717244,-76.430122,23.574167,1.250643,84.631422,ativo,,5,simulado
39,COM,Comunicação,comunicação,106,1,43.150109,18.207924,-59.874229,24.106668,1.019092,52.816235,ativo,,5,simulado
39,CTRL,Centro de Controle,controle,102,2,57.128161,224.482308,-77.812426,23.761525,1.580845,91.475404,ativo,,5,simulado
39,HAB,Habitação,habitat,103,2,66.868729,184.992363,-51.041694,23.784509,0.547295,73.931625,ativo,,5,simulado
39,LAB,Laboratório,laboratório,109,3,50.910574,168.884237,-62.333907,23.968883,1.347851,83.973739,ativo,,5,simulado
39,MED,Centro Médico,saúde,105,1,24.593575,150.814344,-79.681805,23.302614,1.488763,71.893962,ativo,,5,simulado
39,O2,Oxigênio,suporte de vida,104,1,19.548131,245.916988,-74.256181,24.765123,0.613479,75.992824,ativo,,5,simulado
39,RES,Recursos,recursos,108,3,12.101444,59.101803,-53.593046,24.350150,1.593249,57.463616,ativo,,5,simulado
40,AGRI,Agricultura,agricultura,107,2,68.637162,58.781987,-56.518547,23.753460,1.787706,76.699385,ativo,,5,simulado
40,ARM,Armazenamento de Energia,energia,101,2,81.264246,239.495391,-46.426017,23.934535,0.884680,66.208328,ativo,,5,simulado
40,ATM,Controle Atmosférico,suporte de vida,110,1,30.722906,86.766887,-84.416908,24.650332,0.736622,80.364760,ativo,,5,simulado
40,COM,Comunicação,comunicação,106,1,75.870536,100.512386,-67.175342,23.454096,0.890707,77.880385,ativo,,5,simulado
40,CTRL,Centro de Controle,controle,102,2,74.439314,72.676365,-58.726294,23.225731,1.603395,65.017507,ativo,,5,simulado
40,HAB,Habitação,habitat,103,2,34.321277,142.745335,-58.377646,24.357157,0.565307,49.999999,ativo,,5,simulado
40,LAB,Laboratório,laboratório,109,3,31.320886,241.531144,-62.961790,23.958777,1.635423,80.387258,ativo,,5,simulado
40,MED,Centro Médico,saúde,105,1,30.068389,15.319315,-84.744811,24.704534,1.754826,70.259611,ativo,,5,simulado
40,O2,Oxigênio,suporte de vida,104,1,81.467211,250.404502,-81.253569,23.244551,0.744123,105.766562,ativo,,5,simulado
40,RES,Recursos,recursos,108,3,64.385039,172.184050,-57.602249,24.536660,1.132809,83.227545,ativo,,5,simulado
41,AGRI,Agricultura,agricultura,107,2,47.596295,75.928977,-50.275223,23.377455,1.203599,68.043272,ativo,,5,simulado
41,ARM,Armazenamento de Energia,energia,101,2,15.289742,110.510615,-55.396125,24.097345,0.485643,56.355785,ativo,,5,simulado
41,ATM,Controle Atmosférico,suporte de vida,110,1,39.600306,134.240937,-63.807176,23.476793,0.882505,78.240058,ativo,,5,simulado
41,COM,Comunicação,comunicação,106,1,36.857138,185.593475,-70.272149,24.081201,0.950141,69.131655,ativo,,5,simulado
41,CTRL,Centro de Controle,controle,102,2,48.923520,114.908727,-52.814628,23.636677,1.280670,46.713017,ativo,,5,simulado
41,HAB,Habitação,habitat,103,2,35.894905,136.391854,-79.913458,23.827642,0.527907,85.152219,ativo,,5,simulado
41,LAB,Laboratório,laboratório,109,3,73.005696,74.447147,-72.962304,23.925765,1.709297,78.967008,ativo,,5,simulado
41,MED,Centro Médico,saúde,105,1,22.028141,45.744153,-69.372291,23.908556,1.158996,51.076884,ativo,,5,simulado
41,O2,Oxigênio,suporte de vida,104,1,59.058295,92.682883,-45.209447,24.758079,1.187499,55.387047,ativo,,5,simulado
41,RES,Recursos,recursos,108,3,79.105934,152.879887,-78.433763,24.077337,1.731365,104.191239,ativo,,5,simulado
42,AGRI,Agricultura,agricultura,107,2,68.009368,123.429247,-82.190526,23.364732,1.085716,90.763797,ativo,,5,simulado
42,ARM,Armazenamento de Energia,energia,101,2,36.122956,113.684051,-52.508303,24.492482,0.706178,49.541135,ativo,,5,simulado
42,ATM,Controle Atmosférico,suporte de vida,110,1,74.730172,193.767730,-46.403989,23.243570,1.590900,87.464910,ativo,,5,simulado
42,COM,Comunicação,comunicação,106,1,54.645167,210.660915,-78.204239,24.605489,1.566304,93.569092,ativo,,5,simulado
42,CTRL,Centro de Controle,controle,102,2,58.978898,50.023856,-49.927951,23.839337,0.813048,51.506069,ativo,,5,simulado
42,HAB,Habitação,habitat,103,2,83.714446,119.495282,-71.519653,24.058067,1.614431,101.453033,ativo,,5,simulado
42,LAB,Laboratório,laboratório,109,3,18.942763,124.995501,-77.370942,24.375492,1.278130,73.427327,ativo,,5,simulado
42,MED,Centro Médico,saúde,105,1,13.949540,168.511502,-57.713929,23.498439,0.936125,56.868391,ativo,,5,simulado
42,O2,Oxigênio,suporte de vida,104,1,35.875359,157.706707,-43.409824,24.026078,0.645039,43.549724,ativo,,5,simulado
42,RES,Recursos,recursos,108,3,84.919371,36.016524,-45.458816,23.635517,1.045936,78.360612,ativo,,5,simulado
43,AGRI,Agricultura,agricultura,107,2,52.892712,110.078303,-47.820813,24.792865,1.729207,73.234535,ativo,,5,simulado
43,ARM,Armazenamento de Energia,energia,101,2,43.920504,225.746429,-56.862807,23.422541,0.874181,53.588043,ativo,,5,simulado
43,ATM,Controle Atmosférico,suporte de vida,110,1,16.698449,83.996329,-83.650425,24.058475,1.298373,73.819213,ativo,,5,simulado
43,COM,Comunicação,comunicação,106,1,81.751060,227.514054,-59.734130,23.819999,0.767626,79.433641,ativo,,5,simulado
43,CTRL,Centro de Controle,controle,102,2,71.054047,205.011407,-48.436135,24.533975,1.297351,67.560868,ativo,,5,simulado
43,HAB,Habitação,habitat,103,2,38.656269,223.655472,-40.519479,23.762717,1.368050,44.953369,ativo,,5,simulado
43,LAB,Laboratório,laboratório,109,3,74.309129,161.373797,-74.821386,24.784897,1.464179,97.147793,ativo,,5,simulado
43,MED,Centro Médico,saúde,105,1,80.393469,204.123055,-67.692269,23.631332,1.029714,81.839069,ativo,,5,simulado
43,O2,Oxigênio,suporte de vida,104,1,27.608408,28.051902,-61.501254,24.260171,1.562479,42.449019,ativo,,5,simulado
43,RES,Recursos,recursos,108,3,62.384266,45.047585,-82.877994,23.377236,1.319213,95.266833,ativo,,5,simulado
44,AGRI,Agricultura,agricultura,107,2,49.817337,65.536492,-47.672834,24.217793,0.876089,43.217433,ativo,,5,simulado
44,ARM,Armazenamento de Energia,energia,101,2,19.656178,134.993512,-71.368548,24.559984,1.245479,67.324814,ativo,,5,simulado
44,ATM,Controle Atmosférico,suporte de vida,110,1,68.301685,28.673945,-80.585634,24.375623,1.170123,99.236479,ativo,,5,simulado
44,COM,Comunicação,comunicação,106,1,48.809536,199.722794,-42.101428,24.350795,0.520157,72.709012,ativo,,5,simulado
44,CTRL,Centro de Controle,controle,102,2,76.688210,61.628851,-72.161639,24.581494,1.781367,71.926107,ativo,,5,simulado
44,HAB,Habitação,habitat,103,2,37.916159,44.362503,-61.271397,23.599838,0.501662,56.054257,ativo,,5,simulado
44,LAB,Laboratório,laboratório,109,3,14.809301,21.118293,-53.504520,23.411953,0.994816,56.906702,ativo,,5,simulado
44,MED,Centro Médico,saúde,105,1,67.534091,58.032506,-42.283303,24.606604,0.464849,42.348531,ativo,,5,simulado
44,O2,Oxigênio,suporte de vida,104,1,58.193894,159.160306,-82.927726,24.406235,1.594033,85.948412,ativo,,5,simulado
44,RES,Recursos,recursos,108,3,58.439012,109.898758,-56.590303,23.897975,1.352270,68.169634,ativo,,5,simulado
45,AGRI,Agricultura,agricultura,107,2,13.722523,151.724429,-47.101678,24.585364,0.580170,52.336506,ativo,,5,simulado
45,ARM,Armazenamento de Energia,energia,101,2,66.788948,144.851090,-62.241700,23.262772,1.350610,75.313875,ativo,,5,simulado
45,ATM,Controle Atmosférico,suporte de vida,110,1,53.958890,82.228305,-62.939450,24.626735,1.557807,75.703780,ativo,,5,simulado
45,COM,Comunicação,comunicação,106,1,60.066474,57.322024,-45.343590,23.980713,0.479094,55.873801,ativo,,5,simulado
45,CTRL,Centro de Controle,controle,102,2,38.172965,150.220793,-52.564310,24.022042,1.021464,55.908621,ativo,,5,simulado
45,HAB,Habitação,habitat,103,2,79.000760,165.456875,-53.989953,23.286281,0.548523,69.604853,ativo,,5,simulado
45,LAB,Laboratório,laboratório,109,3,44.461105,219.267170,-45.280870,24.798538,1.060794,81.656010,ativo,,5,simulado
45,MED,Centro Médico,saúde,105,1,42.618655,36.966271,-54.179195,24.626404,1.522240,44.953942,ativo,,5,simulado
45,O2,Oxigênio,suporte de vida,104,1,37.522835,35.066108,-71.534116,24.135983,1.324426,58.285029,ativo,,5,simulado
45,RES,Recursos,recursos,108,3,81.829473,210.847572,-74.809522,23.664315,1.076783,108.182392,ativo,,5,simulado
46,AGRI,Agricultura,agricultura,107,2,41.764186,238.725995,-77.902041,24.116199,0.643731,71.174679,ativo,,5,simulado
46,ARM,Armazenamento de Energia,energia,101,2,12.534591,71.412101,-73.941109,24.502539,0.960790,46.374229,ativo,,5,simulado
46,ATM,Controle Atmosférico,suporte de vida,110,1,24.189678,38.972894,-47.049674,24.337253,0.900198,54.076586,ativo,,5,simulado
46,COM,Comunicação,comunicação,106,1,38.359735,250.888768,-83.818030,23.492170,1.094233,85.023243,ativo,,5,simulado
46,CTRL,Centro de Controle,controle,102,2,38.452601,197.451706,-41.364332,24.451184,0.547900,41.328044,ativo,,5,simulado
46,HAB,Habitação,habitat,103,2,37.516373,58.652906,-65.959624,23.355740,1.055317,74.822514,ativo,,5,simulado
46,LAB,Laboratório,laboratório,109,3,58.174434,141.682037,-55.558449,24.774860,0.697150,71.175575,ativo,,5,simulado
46,MED,Centro Médico,saúde,105,1,71.275434,222.607878,-79.941478,23.272403,0.556643,105.749777,ativo,,5,simulado
46,O2,Oxigênio,suporte de vida,104,1,72.805627,99.825722,-48.549876,24.252419,1.648253,68.888063,ativo,,5,simulado
46,RES,Recursos,recursos,108,3,83.198886,41.362157,-54.370275,24.758072,0.570682,77.529615,ativo,,5,simulado
47,AGRI,Agricultura,agricultura,107,2,74.266412,198.354421,-48.040237,24.656056,0.742335,73.558907,ativo,,5,simulado
47,ARM,Armazenamento de Energia,energia,101,2,65.344216,76.255254,-44.754459,24.697779,1.739957,60.336874,ativo,,5,simulado
47,ATM,Controle Atmosférico,suporte de vida,110,1,70.641026,51.210826,-66.027934,23.846857,1.621513,85.822735,ativo,,5,simulado
47,COM,Comunicação,comunicação,106,1,52.801320,72.084433,-57.849028,24.408550,1.350976,71.500525,ativo,,5,simulado
47,CTRL,Centro de Controle,controle,102,2,78.022341,204.765233,-81.101755,23.539008,1.204194,95.744768,ativo,,5,simulado
47,HAB,Habitação,habitat,103,2,58.749350,66.616887,-51.733891,24.340952,0.816425,46.506311,ativo,,5,simulado
47,LAB,Laboratório,laboratório,109,3,84.757622,139.224707,-66.356272,23.507049,0.765710,99.391550,ativo,,5,simulado
47,MED,Centro Médico,saúde,105,1,19.224471,232.875908,-42.191754,23.352642,1.381085,50.232267,ativo,,5,simulado
47,O2,Oxigênio,suporte de vida,104,1,24.143732,64.160702,-55.009853,23.417855,1.736413,42.442030,ativo,,5,simulado
47,RES,Recursos,recursos,108,3,43.737397,111.903272,-73.798637,24.165571,0.973198,81.353417,ativo,,5,simulado
48,AGRI,Agricultura,agricultura,107,2,53.546967,51.549114,-75.023260,24.194940,1.269497,79.583026,ativo,,5,simulado
48,ARM,Armazenamento de Energia,energia,101,2,43.218654,212.854904,-82.569706,24.124797,1.143248,84.372513,ativo,,5,simulado
48,ATM,Controle Atmosférico,suporte de vida,110,1,17.568716,45.815761,-61.145803,23.503546,0.987444,78.721786,ativo,,5,simulado
48,COM,Comunicação,comunicação,106,1,61.988659,69.048865,-52.573213,23.504410,0.441711,67.782789,ativo,,5,simulado
48,CTRL,Centro de Controle,controle,102,2,30.347080,205.024136,-63.496647,23.894876,1.657930,59.707822,ativo,,5,simulado
48,HAB,Habitação,habitat,103,2,30.557667,255.568793,-65.692668,24.720890,0.921069,78.327807,ativo,,5,simulado
48,LAB,Laboratório,laboratório,109,3,48.166843,201.179304,-72.390448,24.543584,1.466020,90.997264,ativo,,5,simulado
48,MED,Centro Médico,saúde,105,1,10.671829,87.444918,-61.261030,23.859797,0.786674,51.590618,ativo,,5,simulado
48,O2,Oxigênio,suporte de vida,104,1,34.123656,10.444199,-78.051374,24.575961,1.730457,58.648693,ativo,,5,simulado
48,RES,Recursos,recursos,108,3,25.066867,132.909958,-40.660800,23.889102,0.551658,61.216962,ativo,,5,simulado
49,AGRI,Agricultura,agricultura,107,2,71.369997,19.698320,-77.131241,23.335673,0.438523,77.509458,ativo,,5,simulado
49,ARM,Armazenamento de Energia,energia,101,2,36.460062,86.519910,-42.870166,24.359367,0.598330,43.022304,ativo,,5,simulado
49,ATM,Controle Atmosférico,suporte de vida,110,1,70.772974,138.719648,-73.315289,24.431073,1.782645,91.472070,ativo,,5,simulado
49,COM,Comunicação,comunicação,106,1,74.386609,217.994905,-70.295280,24.380178,0.462629,91.498087,ativo,,5,simulado
49,CTRL,Centro de Controle,controle,102,2,31.590859,225.113056,-54.577786,24.591038,1.238846,62.886302,ativo,,5,simulado
49,HAB,Habitação,habitat,103,2,37.766683,47.213362,-57.839657,23.989816,1.408206,53.138107,ativo,,5,simulado
49,LAB,Laboratório,laboratório,109,3,71.677206,179.834785,-60.298178,23.971340,1.131330,84.862781,ativo,,5,simulado
49,MED,Centro Médico,saúde,105,1,11.435802,230.381882,-62.663501,23.885321,0.504774,61.457736,ativo,,5,simulado
49,O2,Oxigênio,suporte de vida,104,1,55.882167,55.741643,-72.755248,24.565522,1.333861,69.953880,ativo,,5,simulado
49,RES,Recursos,recursos,108,3,78.256659,96.665990,-40.891109,24.390756,0.921281,73.035551,ativo,,5,simulado
50,AGRI,Agricultura,agricultura,107,2,67.880867,158.278289,-73.533943,24.625114,1.676025,86.505247,ativo,,5,simulado
50,ARM,Armazenamento de Energia,energia,101,2,63.596849,15.396437,-63.757359,24.508214,0.714632,67.050672,ativo,,5,simulado
50,ATM,Controle Atmosférico,suporte de vida,110,1,80.351057,163.880017,-57.397571,23.773751,0.901552,79.857906,ativo,,5,simulado
50,COM,Comunicação,comunicação,106,1,17.533474,234.471062,-45.294972,23.911080,1.353067,54.094228,ativo,,5,simulado
50,CTRL,Centro de Controle,controle,102,2,60.393244,16.459016,-82.661726,23.662176,1.392340,69.014234,ativo,,5,simulado
50,HAB,Habitação,habitat,103,2,40.710206,34.905120,-53.281429,23.628139,1.430066,31.828957,ativo,,5,simulado
50,LAB,Laboratório,laboratório,109,3,39.791888,255.465792,-52.221563,23.999450,1.757929,55.310011,ativo,,5,simulado
50,MED,Centro Médico,saúde,105,1,38.485265,71.487191,-72.806308,23.633011,1.778968,65.351252,ativo,,5,simulado
50,O2,Oxigênio,suporte de vida,104,1,67.587853,162.223916,-68.187349,24.505169,1.601281,74.261993,ativo,,5,simulado
50,RES,Recursos,recursos,108,3,38.686814,208.095533,-60.860349,24.593528,1.152953,81.962036,ativo,,5,simulado
51,AGRI,Agricultura,agricultura,107,2,46.141841,113.984046,-69.886921,24.525046,1.602448,65.076807,ativo,,5,simulado
51,ARM,Armazenamento de Energia,energia,101,2,61.211619,237.645530,-46.701391,23.622960,0.573284,60.843739,ativo,,5,simulado
51,ATM,Controle Atmosférico,suporte de vida,110,1,13.286260,128.242458,-44.180427,23.237652,0.918007,38.619821,ativo,,5,simulado
51,COM,Comunicação,comunicação,106,1,29.298290,241.224615,-54.727830,23.210140,1.211647,46.023677,ativo,,5,simulado
51,CTRL,Centro de Controle,controle,102,2,44.476752,39.693566,-66.596698,23.526504,0.839044,59.091575,ativo,,5,simulado
51,HAB,Habitação,habitat,103,2,52.077782,31.863475,-44.132399,24.796818,0.709420,39.060024,ativo,,5,simulado
51,LAB,Laboratório,laboratório,109,3,41.894484,37.317510,-79.435501,23.559011,1.659320,73.701854,ativo,,5,simulado
51,MED,Centro Médico,saúde,105,1,57.908904,35.450976,-43.776181,23.475677,1.316710,52.351706,ativo,,5,simulado
51,O2,Oxigênio,suporte de vida,104,1,80.818346,139.284451,-45.056030,23.775860,0.728472,77.416007,ativo,,5,simulado
51,RES,Recursos,recursos,108,3,75.841853,96.488633,-62.969599,24.179291,1.406699,95.807924,ativo,,5,simulado
52,AGRI,Agricultura,agricultura,107,2,82.995192,99.652164,-55.772522,24.234201,1.578095,83.437203,ativo,,5,simulado
52,ARM,Armazenamento de Energia,energia,101,2,63.003128,158.922591,-75.579989,23.400799,1.224756,62.599210,ativo,,5,simulado
52,ATM,Controle Atmosférico,suporte de vida,110,1,83.363822,102.024054,-54.119365,23.661009,0.850697,90.265723,ativo,,5,simulado
52,COM,Comunicação,comunicação,106,1,44.758513,114.731540,-82.992981,23.504580,1.471395,89.214235,ativo,,5,simulado
52,CTRL,Centro de Controle,controle,102,2,83.466835,9.088322,-51.301822,23.739408,0.946169,60.033514,ativo,,5,simulado
52,HAB,Habitação,habitat,103,2,70.482820,250.669446,-52.208611,24.271514,0.911715,80.684091,ativo,,5,simulado
52,LAB,Laboratório,laboratório,109,3,63.477831,163.458700,-62.278246,23.453800,0.746726,89.993385,ativo,,5,simulado
52,MED,Centro Médico,saúde,105,1,23.243899,188.071281,-54.662425,23.760809,1.460606,59.313246,ativo,,5,simulado
52,O2,Oxigênio,suporte de vida,104,1,62.947596,8.724964,-67.468578,23.204154,0.799463,60.940006,ativo,,5,simulado
52,RES,Recursos,recursos,108,3,39.303291,235.192521,-77.187196,24.594980,1.053973,98.278980,ativo,,5,simulado
53,AGRI,Agricultura,agricultura,107,2,69.667153,64.238037,-75.036633,24.034518,0.893241,87.639906,ativo,,5,simulado
53,ARM,Armazenamento de Energia,energia,101,2,82.694905,159.669694,-53.968033,24.355333,1.738669,52.856899,ativo,,5,simulado
53,ATM,Controle Atmosférico,suporte de vida,110,1,43.101881,96.841741,-66.602562,23.689606,0.784839,82.825851,ativo,,5,simulado
53,COM,Comunicação,comunicação,106,1,54.926925,109.923703,-68.156880,24.435623,1.022216,82.268050,ativo,,5,simulado
53,CTRL,Centro de Controle,controle,102,2,62.149953,21.901902,-68.234394,24.066573,1.454305,57.600943,ativo,,5,simulado
53,HAB,Habitação,habitat,103,2,65.693533,114.776692,-63.423531,23.953836,0.820249,67.001585,ativo,,5,simulado
53,LAB,Laboratório,laboratório,109,3,37.110871,231.663445,-59.998836,23.650206,1.387531,74.646682,ativo,,5,simulado
53,MED,Centro Médico,saúde,105,1,38.994289,121.075416,-81.466364,23.852458,1.199535,77.920986,ativo,,5,simulado
53,O2,Oxigênio,suporte de vida,104,1,64.033787,168.391059,-42.941118,24.151320,1.360894,69.627137,ativo,,5,simulado
53,RES,Recursos,recursos,108,3,46.870952,196.835973,-64.940995,23.310530,1.085578,86.582572,ativo,,5,simulado
54,AGRI,Agricultura,agricultura,107,2,50.782202,14.873051,-48.562887,23.249374,1.082821,60.803557,ativo,,5,simulado
54,ARM,Armazenamento de Energia,energia,101,2,74.911609,135.042845,-76.370529,23.916412,0.419241,74.710491,ativo,,5,simulado
54,ATM,Controle Atmosférico,suporte de vida,110,1,49.793181,203.381446,-68.178521,24.511441,1.324191,95.880907,ativo,,5,simulado
54,COM,Comunicação,comunicação,106,1,56.051645,60.245989,-66.539498,24.292845,0.921092,78.598649,ativo,,5,simulado
54,CTRL,Centro de Controle,controle,102,2,52.599677,252.110608,-71.047782,24.767361,0.684972,78.072921,ativo,,5,simulado
54,HAB,Habitação,habitat,103,2,55.732692,133.910055,-48.530728,23.479423,1.372364,61.601536,ativo,,5,simulado
54,LAB,Laboratório,laboratório,109,3,11.819132,130.344540,-58.787305,24.402348,1.454693,52.284211,ativo,,5,simulado
54,MED,Centro Médico,saúde,105,1,61.027195,176.997457,-84.089028,24.414414,1.439504,81.940192,ativo,,5,simulado
54,O2,Oxigênio,suporte de vida,104,1,62.518157,122.668580,-81.386839,23.693268,0.707589,78.514255,ativo,,5,simulado
54,RES,Recursos,recursos,108,3,75.000965,121.299950,-73.173324,24.034166,0.871942,99.962979,ativo,,5,simulado
55,AGRI,Agricultura,agricultura,107,2,78.601884,155.765769,-63.466668,24.771867,0.913212,96.154212,ativo,,5,simulado
55,ARM,Armazenamento de Energia,energia,101,2,32.305212,96.862672,-77.715356,24.286963,1.689080,53.695057,ativo,,5,simulado
55,ATM,Controle Atmosférico,suporte de vida,110,1,17.582028,193.830439,-59.958220,24.120732,0.649518,63.233882,ativo,,5,simulado
55,COM,Comunicação,comunicação,106,1,80.337457,86.991408,-61.842751,24.045009,0.905045,91.703082,ativo,,5,simulado
55,CTRL,Centro de Controle,controle,102,2,67.620010,74.037704,-72.339305,23.992240,1.705391,72.756550,ativo,,5,simulado
55,HAB,Habitação,habitat,103,2,23.302851,198.729018,-55.884617,23.975824,1.449048,49.430450,ativo,,5,simulado
55,LAB,Laboratório,laboratório,109,3,58.688284,83.723496,-63.069598,23.254384,1.557006,88.497461,ativo,,5,simulado
55,MED,Centro Médico,saúde,105,1,29.532469,203.628343,-77.729282,23.494746,0.881955,72.116714,ativo,,5,simulado
55,O2,Oxigênio,suporte de vida,104,1,72.165184,101.006025,-40.523036,24.071402,1.177021,71.222843,ativo,,5,simulado
55,RES,Recursos,recursos,108,3,57.391900,126.717738,-49.994051,23.465321,1.658354,61.717223,ativo,,5,simulado
56,AGRI,Agricultura,agricultura,107,2,57.411515,119.851683,-44.884877,24.098623,1.200454,56.053765,ativo,,5,simulado
56,ARM,Armazenamento de Energia,energia,101,2,47.065360,113.441897,-42.512622,24.068134,0.857859,49.461384,ativo,,5,simulado
56,ATM,Controle Atmosférico,suporte de vida,110,1,39.692849,132.598345,-83.465211,24.005177,1.473898,96.316449,ativo,,5,simulado
56,COM,Comunicação,comunicação,106,1,43.677458,84.714148,-59.663493,24.232353,0.740839,70.878702,ativo,,5,simulado
56,CTRL,Centro de Controle,controle,102,2,58.287669,125.536086,-41.668321,24.744879,0.913505,44.062664,ativo,,5,simulado
56,HAB,Habitação,habitat,103,2,34.249973,120.190388,-48.514866,23.373553,1.480613,50.313396,ativo,,5,simulado
56,LAB,Laboratório,laboratório,109,3,55.243258,24.240142,-63.088660,23.934032,1.669036,68.003863,ativo,,5,simulado
56,MED,Centro Médico,saúde,105,1,81.339728,225.200139,-80.786529,23.829953,1.553218,113.308077,ativo,,5,simulado
56,O2,Oxigênio,suporte de vida,104,1,26.692524,13.924706,-46.301386,23.731927,1.267781,28.239514,ativo,,5,simulado
56,RES,Recursos,recursos,108,3,63.928134,141.285338,-57.686966,24.119714,0.853971,80.329057,ativo,,5,simulado
57,AGRI,Agricultura,agricultura,107,2,34.469997,17.866306,-77.805141,24.224812,1.451385,72.050516,ativo,,5,simulado
57,ARM,Armazenamento de Energia,energia,101,2,64.685083,20.194337,-83.178891,24.444740,1.619541,79.536912,ativo,,5,simulado
57,ATM,Controle Atmosférico,suporte de vida,110,1,28.235943,243.945269,-67.922616,23.518805,0.551890,72.953012,ativo,,5,simulado
57,COM,Comunicação,comunicação,106,1,56.357901,63.199158,-56.599692,24.023794,1.610805,55.898726,ativo,,5,simulado
57,CTRL,Centro de Controle,controle,102,2,67.258818,37.524416,-64.482987,24.111792,1.434780,54.212860,ativo,,5,simulado
57,HAB,Habitação,habitat,103,2,24.881716,45.295375,-54.171801,23.534189,0.639852,48.197525,ativo,,5,simulado
57,LAB,Laboratório,laboratório,109,3,54.782930,253.833085,-69.678372,24.536874,0.493164,95.495790,ativo,,5,simulado
57,MED,Centro Médico,saúde,105,1,18.020167,68.929160,-51.920018,24.116280,1.021012,54.580225,ativo,,5,simulado
57,O2,Oxigênio,suporte de vida,104,1,82.077583,199.974847,-83.975316,23.962904,1.023700,92.287054,ativo,,5,simulado
57,RES,Recursos,recursos,108,3,20.152083,17.158527,-57.442726,23.677788,0.715639,51.692435,ativo,,5,simulado
58,AGRI,Agricultura,agricultura,107,2,63.812528,188.499520,-50.368123,24.607808,1.467785,77.451460,ativo,,5,simulado
58,ARM,Armazenamento de Energia,energia,101,2,35.332673,208.921899,-58.349014,23.308024,0.674115,58.257744,ativo,,5,simulado
58,ATM,Controle Atmosférico,suporte de vida,110,1,52.020862,154.007917,-71.031420,24.797143,1.788367,95.065853,ativo,,5,simulado
58,COM,Comunicação,comunicação,106,1,82.829384,26.828384,-42.526076,23.694893,1.369347,72.415361,ativo,,5,simulado
58,CTRL,Centro de Controle,controle,102,2,47.833147,83.226230,-81.868877,24.345234,1.315597,70.130709,ativo,,5,simulado
58,HAB,Habitação,habitat,103,2,70.861531,85.645379,-45.831744,23.975355,1.059670,67.733564,ativo,,5,simulado
58,LAB,Laboratório,laboratório,109,3,67.515889,21.868315,-52.380517,24.195560,0.912323,67.008455,ativo,,5,simulado
58,MED,Centro Médico,saúde,105,1,70.938797,144.796073,-58.721053,23.994864,0.909282,88.005227,ativo,,5,simulado
58,O2,Oxigênio,suporte de vida,104,1,48.871468,73.166317,-83.190122,24.220177,1.425213,63.748214,ativo,,5,simulado
58,RES,Recursos,recursos,108,3,14.354516,11.071799,-77.354052,23.370847,0.600608,57.540796,ativo,,5,simulado
59,AGRI,Agricultura,agricultura,107,2,49.377328,218.892231,-57.003440,24.034411,0.709995,69.423223,ativo,,5,simulado
59,ARM,Armazenamento de Energia,energia,101,2,34.542456,174.818170,-64.444462,24.383021,1.548075,65.035073,ativo,,5,simulado
59,ATM,Controle Atmosférico,suporte de vida,110,1,27.927247,248.418727,-72.350876,23.545960,1.049748,94.643078,ativo,,5,simulado
59,COM,Comunicação,comunicação,106,1,63.345985,125.990012,-61.992771,24.283281,1.664314,69.526989,ativo,,5,simulado
59,CTRL,Centro de Controle,controle,102,2,20.386626,247.696535,-47.675419,23.949687,1.765300,50.939827,ativo,,5,simulado
59,HAB,Habitação,habitat,103,2,63.202013,161.249858,-41.774263,23.527138,0.945564,129.682784,alerta,Congestionamento simulado no enlace local,5,simulado
59,LAB,Laboratório,laboratório,109,3,54.551463,178.168882,-50.299893,24.341598,1.262030,95.331861,ativo,,5,simulado
59,MED,Centro Médico,saúde,105,1,13.639581,23.324000,-67.194131,23.468188,0.858479,61.367619,ativo,,5,simulado
59,O2,Oxigênio,suporte de vida,104,1,31.174041,165.086482,-50.852289,24.132513,0.610792,55.632813,ativo,,5,simulado
59,RES,Recursos,recursos,108,3,78.417730,224.133030,-57.675592,23.212247,0.483884,106.537768,ativo,,5,simulado
60,AGRI,Agricultura,agricultura,107,2,63.734538,161.046494,-49.044967,24.236242,1.709549,71.990345,ativo,,5,simulado
60,ARM,Armazenamento de Energia,energia,101,2,12.101770,95.622358,-68.757178,24.213560,0.466452,38.091035,ativo,,5,simulado
60,ATM,Controle Atmosférico,suporte de vida,110,1,76.369276,95.569162,-79.608787,24.784557,1.429600,100.351329,ativo,,5,simulado
60,COM,Comunicação,comunicação,106,1,84.697459,107.237663,-49.637816,24.045100,0.763854,67.038597,ativo,,5,simulado
60,CTRL,Centro de Controle,controle,102,2,32.922621,74.277601,-70.976742,23.495441,1.424585,52.134257,ativo,,5,simulado
60,HAB,Habitação,habitat,103,2,62.317244,107.259016,-40.688652,24.487359,1.227838,44.841325,ativo,,5,simulado
60,LAB,Laboratório,laboratório,109,3,59.352399,158.470817,-68.166033,24.042481,0.548498,87.828515,ativo,,5,simulado
60,MED,Centro Médico,saúde,105,1,72.931350,73.350888,-60.750572,23.212713,1.297018,81.730980,ativo,,5,simulado
60,O2,Oxigênio,suporte de vida,104,1,35.821705,149.355459,-69.359802,23.705972,1.501791,67.341640,ativo,,5,simulado
60,RES,Recursos,recursos,108,3,61.582423,98.479758,-79.370301,24.100263,1.425649,89.798906,ativo,,5,simulado
61,AGRI,Agricultura,agricultura,107,2,63.952734,64.327839,-80.571530,24.253987,1.703404,90.535915,ativo,,5,simulado
61,ARM,Armazenamento de Energia,energia,101,2,83.823789,141.705973,-57.087507,24.553628,0.749665,69.973976,ativo,,5,simulado
61,ATM,Controle Atmosférico,suporte de vida,110,1,13.871088,12.893157,-46.496717,23.559752,1.206468,51.723710,ativo,,5,simulado
61,COM,Comunicação,comunicação,106,1,70.306591,109.086929,-63.543465,23.437643,1.173319,90.559018,ativo,,5,simulado
61,CTRL,Centro de Controle,controle,102,2,48.235694,43.193015,-78.158939,24.549171,1.288407,73.492799,ativo,,5,simulado
61,HAB,Habitação,habitat,103,2,68.251193,186.417911,-49.178255,24.352454,1.041450,63.633602,ativo,,5,simulado
61,LAB,Laboratório,laboratório,109,3,20.940220,160.588074,-71.422071,24.388002,0.779599,69.991633,ativo,,5,simulado
61,MED,Centro Médico,saúde,105,1,21.251024,255.974098,-57.484762,23.389183,1.577246,54.770170,ativo,,5,simulado
61,O2,Oxigênio,suporte de vida,104,1,45.141546,95.862003,-45.260476,23.341982,0.691797,48.585263,ativo,,5,simulado
61,RES,Recursos,recursos,108,3,34.996659,184.628537,-54.955955,24.494379,1.665356,55.523907,ativo,,5,simulado
62,AGRI,Agricultura,agricultura,107,2,36.980518,159.771057,-45.610497,23.782798,1.307212,57.308216,ativo,,5,simulado
62,ARM,Armazenamento de Energia,energia,101,2,10.388941,107.753426,-56.683276,24.193188,0.769886,20.320511,ativo,,5,simulado
62,ATM,Controle Atmosférico,suporte de vida,110,1,50.591084,178.588848,-79.461120,24.643996,1.796345,89.662895,ativo,,5,simulado
62,COM,Comunicação,comunicação,106,1,24.754617,198.107440,-66.508190,23.313141,1.452911,77.948921,ativo,,5,simulado
62,CTRL,Centro de Controle,controle,102,2,79.546040,129.816866,-61.563538,23.793630,0.419312,78.243387,ativo,,5,simulado
62,HAB,Habitação,habitat,103,2,63.511705,31.845158,-60.330168,24.480817,1.683007,65.279451,ativo,,5,simulado
62,LAB,Laboratório,laboratório,109,3,61.229283,202.439278,-63.628371,24.115245,0.931002,86.366397,ativo,,5,simulado
62,MED,Centro Médico,saúde,105,1,61.747670,122.335173,-44.303775,24.498144,0.909228,56.327536,ativo,,5,simulado
62,O2,Oxigênio,suporte de vida,104,1,81.227198,157.623874,-62.027618,23.562655,1.011188,86.080512,ativo,,5,simulado
62,RES,Recursos,recursos,108,3,41.056658,169.577200,-71.053565,24.304820,1.037223,90.202790,ativo,,5,simulado
63,AGRI,Agricultura,agricultura,107,2,34.957996,236.224590,-44.464261,24.054539,1.160809,60.496537,ativo,,5,simulado
63,ARM,Armazenamento de Energia,energia,101,2,14.392174,31.892113,-64.858980,23.318568,0.434335,38.780964,ativo,,5,simulado
63,ATM,Controle Atmosférico,suporte de vida,110,1,24.949305,12.569063,-53.639831,24.383750,1.743861,44.936518,ativo,,5,simulado
63,COM,Comunicação,comunicação,106,1,57.314556,217.416634,-61.245057,24.267173,1.493022,83.469703,ativo,,5,simulado
63,CTRL,Centro de Controle,controle,102,2,58.262780,77.105099,-65.831026,23.403708,0.471455,72.387504,ativo,,5,simulado
63,HAB,Habitação,habitat,103,2,82.826870,33.591255,-45.918016,23.228729,1.052007,67.215863,ativo,,5,simulado
63,LAB,Laboratório,laboratório,109,3,83.700998,94.719387,-75.934438,24.432500,1.121117,103.858014,ativo,,5,simulado
63,MED,Centro Médico,saúde,105,1,66.112553,52.522843,-75.838864,23.720067,0.636051,72.835507,ativo,,5,simulado
63,O2,Oxigênio,suporte de vida,104,1,48.019834,107.128059,-43.146507,24.542989,0.665356,39.798182,ativo,,5,simulado
63,RES,Recursos,recursos,108,3,55.247948,84.447908,-74.826865,24.328882,0.400680,84.221712,ativo,,5,simulado
64,AGRI,Agricultura,agricultura,107,2,46.546318,204.485502,-43.458952,24.184791,0.475809,61.553601,ativo,,5,simulado
64,ARM,Armazenamento de Energia,energia,101,2,65.916406,177.649824,-67.593259,23.441493,1.757699,64.642460,ativo,,5,simulado
64,ATM,Controle Atmosférico,suporte de vida,110,1,82.326198,225.009171,-66.572027,24.182106,1.386156,102.494387,ativo,,5,simulado
64,COM,Comunicação,comunicação,106,1,57.733053,138.816435,-52.328496,23.368399,0.483770,71.833517,ativo,,5,simulado
64,CTRL,Centro de Controle,controle,102,2,23.212641,127.362889,-75.816981,23.331058,0.656488,56.104724,ativo,,5,simulado
64,HAB,Habitação,habitat,103,2,11.564139,68.392578,-77.236699,23.206267,1.285616,61.205725,ativo,,5,simulado
64,LAB,Laboratório,laboratório,109,3,66.408350,144.304988,-68.535961,23.638709,0.936956,92.850844,ativo,,5,simulado
64,MED,Centro Médico,saúde,105,1,40.922829,57.307600,-81.782197,23.222179,1.229471,79.790483,ativo,,5,simulado
64,O2,Oxigênio,suporte de vida,104,1,35.330598,153.671175,-54.908878,23.474390,1.724412,61.986815,ativo,,5,simulado
64,RES,Recursos,recursos,108,3,26.878362,211.801551,-84.510355,23.282368,1.320217,86.269394,ativo,,5,simulado
65,AGRI,Agricultura,agricultura,107,2,77.039311,59.056385,-50.183030,24.347191,0.809416,67.431993,ativo,,5,simulado
65,ARM,Armazenamento de Energia,energia,101,2,10.764227,192.534308,-47.243138,24.137916,0.512686,22.818418,ativo,,5,simulado
65,ATM,Controle Atmosférico,suporte de vida,110,1,40.387152,221.974483,-49.926154,23.710750,0.840370,50.548290,ativo,,5,simulado
65,COM,Comunicação,comunicação,106,1,29.066177,211.184251,-75.218901,23.336194,1.490879,76.561066,ativo,,5,simulado
65,CTRL,Centro de Controle,controle,102,2,83.631751,221.959960,-82.499261,24.601177,0.929517,101.554257,ativo,,5,simulado
65,HAB,Habitação,habitat,103,2,23.865292,103.022207,-60.574499,23.704463,1.439081,49.171096,ativo,,5,simulado
65,LAB,Laboratório,laboratório,109,3,24.067201,179.702053,-55.470622,23.737326,1.421205,64.944843,ativo,,5,simulado
65,MED,Centro Médico,saúde,105,1,30.572064,123.897164,-68.628699,23.692770,0.554129,66.020075,ativo,,5,simulado
65,O2,Oxigênio,suporte de vida,104,1,74.518312,79.903753,-81.924771,24.274831,1.116786,91.805307,ativo,,5,simulado
65,RES,Recursos,recursos,108,3,63.733254,116.958879,-63.347714,23.472523,1.364879,82.236120,ativo,,5,simulado
66,AGRI,Agricultura,agricultura,107,2,44.339322,29.153606,-74.876642,24.010068,1.157215,76.864522,ativo,,5,simulado
66,ARM,Armazenamento de Energia,energia,101,2,67.528015,225.831442,-76.060134,24.534391,0.467408,79.625547,ativo,,5,simulado
66,ATM,Controle Atmosférico,suporte de vida,110,1,37.283210,183.703074,-73.479164,23.382163,1.579880,74.311161,ativo,,5,simulado
66,COM,Comunicação,comunicação,106,1,76.220965,157.635782,-82.925590,24.619296,1.784108,91.490940,ativo,,5,simulado
66,CTRL,Centro de Controle,controle,102,2,68.520173,11.519152,-80.206579,24.695903,1.110258,69.903872,ativo,,5,simulado
66,HAB,Habitação,habitat,103,2,71.441112,87.229077,-54.809046,24.477535,1.566790,74.844916,ativo,,5,simulado
66,LAB,Laboratório,laboratório,109,3,78.534502,224.375460,-40.802566,23.929915,1.097212,84.795265,ativo,,5,simulado
66,MED,Centro Médico,saúde,105,1,74.885151,154.281396,-49.861575,23.587359,1.321230,76.102945,ativo,,5,simulado
66,O2,Oxigênio,suporte de vida,104,1,11.287506,241.066349,-59.555424,23.200691,1.346348,49.321401,ativo,,5,simulado
66,RES,Recursos,recursos,108,3,45.662961,255.212013,-67.873762,23.771576,0.501543,85.428074,ativo,,5,simulado
67,AGRI,Agricultura,agricultura,107,2,47.824787,117.045499,-44.127603,24.366698,0.891112,43.224698,ativo,,5,simulado
67,ARM,Armazenamento de Energia,energia,101,2,59.201400,105.504159,-61.390525,23.561117,1.125202,60.960339,ativo,,5,simulado
67,ATM,Controle Atmosférico,suporte de vida,110,1,18.349708,54.103336,-79.347503,24.079018,0.454035,73.565320,ativo,,5,simulado
67,COM,Comunicação,comunicação,106,1,69.378642,53.174638,-47.575020,23.540599,0.581451,57.921072,ativo,,5,simulado
67,CTRL,Centro de Controle,controle,102,2,77.512018,135.421537,-71.430005,24.312303,1.703488,82.247282,ativo,,5,simulado
67,HAB,Habitação,habitat,103,2,22.264695,101.933080,-55.618037,23.890044,0.868256,58.986289,ativo,,5,simulado
67,LAB,Laboratório,laboratório,109,3,18.089770,206.383591,-47.511014,24.723777,0.543858,59.409236,ativo,,5,simulado
67,MED,Centro Médico,saúde,105,1,72.038494,104.583904,-54.127589,23.586026,0.447720,65.219276,ativo,,5,simulado
67,O2,Oxigênio,suporte de vida,104,1,24.612149,40.340958,-84.705187,24.124571,0.483480,53.791396,ativo,,5,simulado
67,RES,Recursos,recursos,108,3,77.358929,157.343522,-83.392826,24.129168,0.795721,95.601621,ativo,,5,simulado
68,AGRI,Agricultura,agricultura,107,2,40.701187,118.314156,-70.229393,24.736976,1.636444,72.876347,ativo,,5,simulado
68,ARM,Armazenamento de Energia,energia,101,2,28.208623,128.560173,-59.993659,24.035137,1.133764,45.110988,ativo,,5,simulado
68,ATM,Controle Atmosférico,suporte de vida,110,1,23.577298,30.585576,-43.988667,23.350069,1.112626,50.665148,ativo,,5,simulado
68,COM,Comunicação,comunicação,106,1,84.883836,77.626867,-41.529376,24.439745,1.751461,74.656773,ativo,,5,simulado
68,CTRL,Centro de Controle,controle,102,2,47.803876,26.771844,-79.458457,23.432830,0.910060,78.028131,ativo,,5,simulado
68,HAB,Habitação,habitat,103,2,28.561822,214.868339,-60.507411,24.424386,1.795691,50.472042,ativo,,5,simulado
68,LAB,Laboratório,laboratório,109,3,69.619969,116.449268,-51.951760,24.315881,1.425413,78.731071,ativo,,5,simulado
68,MED,Centro Médico,saúde,105,1,55.762422,144.586470,-58.493142,23.380866,0.938578,65.228379,ativo,,5,simulado
68,O2,Oxigênio,suporte de vida,104,1,43.241284,94.617883,-42.589377,23.203208,0.908455,43.694285,ativo,,5,simulado
68,RES,Recursos,recursos,108,3,15.217678,50.078249,-64.159132,23.546576,1.773374,52.657698,ativo,,5,simulado
69,AGRI,Agricultura,agricultura,107,2,46.530973,185.811379,-49.882268,24.532266,1.712879,53.726834,ativo,,5,simulado
69,ARM,Armazenamento de Energia,energia,101,2,63.306439,231.545780,-40.832670,24.372358,0.954195,58.197889,ativo,,5,simulado
69,ATM,Controle Atmosférico,suporte de vida,110,1,17.173922,120.767240,-79.601646,23.735513,1.198811,79.399069,ativo,,5,simulado
69,COM,Comunicação,comunicação,106,1,28.329119,104.844953,-53.093434,24.108994,0.432068,53.976991,ativo,,5,simulado
69,CTRL,Centro de Controle,controle,102,2,24.020739,192.634435,-75.416154,24.144094,1.071862,58.605360,ativo,,5,simulado
69,HAB,Habitação,habitat,103,2,80.136601,71.189583,-77.950548,24.078406,1.676241,78.425976,ativo,,5,simulado
69,LAB,Laboratório,laboratório,109,3,77.728424,249.960927,-72.033602,23.492492,1.623323,103.595933,ativo,,5,simulado
69,MED,Centro Médico,saúde,105,1,65.112231,93.704190,-75.672397,24.633268,1.158146,86.481083,ativo,,5,simulado
69,O2,Oxigênio,suporte de vida,104,1,71.588659,87.871503,-81.873096,23.483715,1.341447,97.114559,ativo,,5,simulado
69,RES,Recursos,recursos,108,3,42.208432,246.750496,-49.420443,24.645500,0.585725,79.140185,ativo,,5,simulado
70,AGRI,Agricultura,agricultura,107,2,56.514882,92.378253,-60.639984,24.299584,1.543912,74.471758,ativo,,5,simulado
70,ARM,Armazenamento de Energia,energia,101,2,64.714581,169.966112,-60.796242,24.044591,1.563915,75.309027,ativo,,5,simulado
70,ATM,Controle Atmosférico,suporte de vida,110,1,68.261072,46.365270,-63.252062,23.941524,0.904142,74.095089,ativo,,5,simulado
70,COM,Comunicação,comunicação,106,1,65.551004,186.172855,-53.708029,23.568338,0.817604,78.252299,ativo,,5,simulado
70,CTRL,Centro de Controle,controle,102,2,58.194006,49.844961,-51.515452,23.650464,0.721990,52.979003,ativo,,5,simulado
70,HAB,Habitação,habitat,103,2,38.119620,61.911010,-66.517081,23.341909,0.470861,53.962905,ativo,,5,simulado
70,LAB,Laboratório,laboratório,109,3,10.155420,197.553689,-59.055632,24.738236,0.630518,52.725563,ativo,,5,simulado
70,MED,Centro Médico,saúde,105,1,61.458261,87.477392,-40.967648,24.230002,1.006032,54.536046,ativo,,5,simulado
70,O2,Oxigênio,suporte de vida,104,1,26.369188,94.975445,-59.871638,23.510770,0.566320,55.400418,ativo,,5,simulado
70,RES,Recursos,recursos,108,3,19.658710,229.300705,-46.524470,23.977012,0.519196,63.709749,ativo,,5,simulado
71,AGRI,Agricultura,agricultura,107,2,58.815593,20.574016,-76.714425,24.585874,1.156498,85.056356,ativo,,5,simulado
71,ARM,Armazenamento de Energia,energia,101,2,60.711413,39.426688,-65.496892,24.051508,1.325694,63.102001,ativo,,5,simulado
71,ATM,Controle Atmosférico,suporte de vida,110,1,40.624909,248.391331,-57.213793,23.517508,1.248513,90.789394,ativo,,5,simulado
71,COM,Comunicação,comunicação,106,1,57.242071,197.604671,-69.055615,24.558997,1.443384,88.978222,ativo,,5,simulado
71,CTRL,Centro de Controle,controle,102,2,34.783844,216.784872,-77.860465,24.682692,1.507594,66.667406,ativo,,5,simulado
71,HAB,Habitação,habitat,103,2,22.031442,70.122493,-51.830881,23.633534,1.685780,40.645286,ativo,,5,simulado
71,LAB,Laboratório,laboratório,109,3,82.469989,116.027631,-75.316562,23.507268,1.763016,94.325795,ativo,,5,simulado
71,MED,Centro Médico,saúde,105,1,16.810711,166.949571,-73.434910,23.351856,1.796586,51.022756,ativo,,5,simulado
71,O2,Oxigênio,suporte de vida,104,1,47.970038,154.945609,-63.457292,24.497822,1.424872,61.990010,ativo,,5,simulado
71,RES,Recursos,recursos,108,3,58.060173,75.932574,-84.772086,23.742812,0.884956,91.244860,ativo,,5,simulado
72,AGRI,Agricultura,agricultura,107,2,60.143132,84.248362,-41.424400,23.289554,1.743738,59.701987,ativo,,5,simulado
72,ARM,Armazenamento de Energia,energia,101,2,58.556834,25.617249,-76.331907,24.452552,1.650911,63.781891,ativo,,5,simulado
72,ATM,Controle Atmosférico,suporte de vida,110,1,59.984949,57.232431,-51.042150,24.296277,0.827674,70.921965,ativo,,5,simulado
72,COM,Comunicação,comunicação,106,1,82.042696,220.209345,-61.228650,24.004661,0.671111,82.095498,ativo,,5,simulado
72,CTRL,Centro de Controle,controle,102,2,29.727868,60.386192,-77.876843,24.716579,1.215469,51.856175,ativo,,5,simulado
72,HAB,Habitação,habitat,103,2,48.826753,123.750603,-49.924196,23.981265,1.656123,49.491611,ativo,,5,simulado
72,LAB,Laboratório,laboratório,109,3,58.715616,185.523777,-61.699215,23.893208,1.714986,87.493660,ativo,,5,simulado
72,MED,Centro Médico,saúde,105,1,29.531437,149.300871,-78.084869,23.790196,1.337610,83.509074,ativo,,5,simulado
72,O2,Oxigênio,suporte de vida,104,1,32.306707,239.391163,-56.263943,24.615927,0.584104,60.851890,ativo,,5,simulado
72,RES,Recursos,recursos,108,3,39.382258,176.277470,-45.776868,24.622926,0.967623,49.967689,ativo,,5,simulado
73,AGRI,Agricultura,agricultura,107,2,62.375411,69.556753,-72.287396,24.095413,1.572455,73.859787,ativo,,5,simulado
73,ARM,Armazenamento de Energia,energia,101,2,21.203185,221.535756,-53.950285,23.991306,1.187933,43.858181,ativo,,5,simulado
73,ATM,Controle Atmosférico,suporte de vida,110,1,49.241786,227.353853,-71.382316,23.696861,1.531812,103.348447,ativo,,5,simulado
73,COM,Comunicação,comunicação,106,1,14.609183,141.244638,-42.563579,24.344797,1.478851,47.894963,ativo,,5,simulado
73,CTRL,Centro de Controle,controle,102,2,84.612141,113.280176,-63.835593,23.810649,1.486818,83.400088,ativo,,5,simulado
73,HAB,Habitação,habitat,103,2,65.340141,209.699093,-51.840304,24.019275,0.570552,65.384364,ativo,,5,simulado
73,LAB,Laboratório,laboratório,109,3,73.829538,132.462832,-44.580728,23.630794,1.071634,81.091566,ativo,,5,simulado
73,MED,Centro Médico,saúde,105,1,56.134599,39.413708,-41.879607,24.562408,0.747405,48.161331,ativo,,5,simulado
73,O2,Oxigênio,suporte de vida,104,1,55.178969,50.861332,-57.261191,24.363789,0.980050,68.905691,ativo,,5,simulado
73,RES,Recursos,recursos,108,3,65.205750,246.263003,-48.280910,24.382293,1.160932,74.608355,ativo,,5,simulado
74,AGRI,Agricultura,agricultura,107,2,19.745789,124.602516,-77.754159,24.338434,1.642285,72.854652,ativo,,5,simulado
74,ARM,Armazenamento de Energia,energia,101,2,31.588830,199.179621,-57.145000,23.519289,0.730492,64.981486,ativo,,5,simulado
74,ATM,Controle Atmosférico,suporte de vida,110,1,10.853036,191.623007,-79.165789,23.796523,0.831497,73.979345,ativo,,5,simulado
74,COM,Comunicação,comunicação,106,1,32.394630,17.833285,-61.552548,23.316496,0.813557,60.744274,ativo,,5,simulado
74,CTRL,Centro de Controle,controle,102,2,39.916824,70.016045,-53.940279,23.342207,0.707190,53.440672,ativo,,5,simulado
74,HAB,Habitação,habitat,103,2,80.471925,173.662492,-46.217490,23.204232,1.391748,72.821300,ativo,,5,simulado
74,LAB,Laboratório,laboratório,109,3,66.835848,244.360025,-78.902799,23.682577,1.202364,92.373131,ativo,,5,simulado
74,MED,Centro Médico,saúde,105,1,61.504131,248.528873,-69.639717,23.928220,0.841502,87.378615,ativo,,5,simulado
74,O2,Oxigênio,suporte de vida,104,1,57.087213,181.069375,-46.505499,24.628468,1.157731,71.608345,ativo,,5,simulado
74,RES,Recursos,recursos,108,3,57.655113,240.407659,-66.295517,23.606757,1.301989,81.982139,ativo,,5,simulado
75,AGRI,Agricultura,agricultura,107,2,27.088399,156.146046,-59.645399,23.720837,0.879073,66.980560,ativo,,5,simulado
75,ARM,Armazenamento de Energia,energia,101,2,17.538462,237.050622,-66.006818,23.221368,1.099752,57.962684,ativo,,5,simulado
75,ATM,Controle Atmosférico,suporte de vida,110,1,59.986797,79.080517,-82.871482,24.446433,1.006267,98.217021,ativo,,5,simulado
75,COM,Comunicação,comunicação,106,1,23.623582,246.111632,-80.204438,24.323412,1.324509,69.145753,ativo,,5,simulado
75,CTRL,Centro de Controle,controle,102,2,83.582201,162.070412,-62.067664,24.497947,0.541709,79.495967,ativo,,5,simulado
75,HAB,Habitação,habitat,103,2,77.099840,215.936118,-77.584370,24.561951,1.689186,84.912865,ativo,,5,simulado
75,LAB,Laboratório,laboratório,109,3,17.644308,48.725275,-54.521373,23.982024,0.940906,59.415408,ativo,,5,simulado
75,MED,Centro Médico,saúde,105,1,49.806767,169.605814,-75.727045,23.776585,1.057818,91.353027,ativo,,5,simulado
75,O2,Oxigênio,suporte de vida,104,1,58.983070,207.339881,-72.696992,24.071890,1.403239,78.573056,ativo,,5,simulado
75,RES,Recursos,recursos,108,3,15.160777,162.837724,-73.022791,24.547004,1.718625,63.991489,ativo,,5,simulado
76,AGRI,Agricultura,agricultura,107,2,28.814679,86.968662,-64.885579,23.465183,1.290685,69.663436,ativo,,5,simulado
76,ARM,Armazenamento de Energia,energia,101,2,52.978171,63.768735,-63.860484,24.533060,0.779674,58.288443,ativo,,5,simulado
76,ATM,Controle Atmosférico,suporte de vida,110,1,65.613539,77.560148,-63.445841,24.470210,1.503082,80.263092,ativo,,5,simulado
76,COM,Comunicação,comunicação,106,1,13.110307,16.217997,-59.876927,24.526408,0.576252,58.829672,ativo,,5,simulado
76,CTRL,Centro de Controle,controle,102,2,18.957252,122.285071,-69.321746,24.694119,1.747951,51.500022,ativo,,5,simulado
76,HAB,Habitação,habitat,103,2,57.642464,176.943668,-75.790305,24.270387,1.068309,96.189402,ativo,,5,simulado
76,LAB,Laboratório,laboratório,109,3,21.797606,82.726764,-45.633716,23.949877,1.385782,40.358937,ativo,,5,simulado
76,MED,Centro Médico,saúde,105,1,13.108967,63.691911,-51.937712,23.365394,0.739655,41.150416,ativo,,5,simulado
76,O2,Oxigênio,suporte de vida,104,1,42.315788,72.860401,-78.551876,24.322117,0.711831,71.399143,ativo,,5,simulado
76,RES,Recursos,recursos,108,3,28.181671,100.203988,-54.062605,24.349589,0.401245,61.297809,ativo,,5,simulado
77,AGRI,Agricultura,agricultura,107,2,69.713250,154.511763,-80.374069,24.090252,1.722977,84.781962,ativo,,5,simulado
77,ARM,Armazenamento de Energia,energia,101,2,78.640270,167.292707,-77.240227,24.314294,0.732676,85.167661,ativo,,5,simulado
77,ATM,Controle Atmosférico,suporte de vida,110,1,36.210561,52.256812,-66.572131,24.352365,0.971733,85.643860,ativo,,5,simulado
77,COM,Comunicação,comunicação,106,1,33.000611,11.855646,-47.924029,23.364343,0.533642,54.170889,ativo,,5,simulado
77,CTRL,Centro de Controle,controle,102,2,68.182323,171.259213,-67.792041,24.609338,0.617253,69.225727,ativo,,5,simulado
77,HAB,Habitação,habitat,103,2,39.263714,85.747520,-47.480652,24.742323,1.454264,45.578874,ativo,,5,simulado
77,LAB,Laboratório,laboratório,109,3,68.616900,207.336171,-80.978363,23.948364,0.970723,105.476840,ativo,,5,simulado
77,MED,Centro Médico,saúde,105,1,69.302577,84.432995,-81.363973,24.109801,1.144864,81.896931,ativo,,5,simulado
77,O2,Oxigênio,suporte de vida,104,1,75.305648,106.947394,-69.790631,23.905196,1.422619,86.027444,ativo,,5,simulado
77,RES,Recursos,recursos,108,3,38.723787,30.791600,-73.940711,23.325950,0.627311,69.941859,ativo,,5,simulado
78,AGRI,Agricultura,agricultura,107,2,58.490606,48.439699,-84.723787,23.400302,1.270163,85.852155,ativo,,5,simulado
78,ARM,Armazenamento de Energia,energia,101,2,81.220767,23.899747,-75.942098,23.775927,0.411525,87.085673,ativo,,5,simulado
78,ATM,Controle Atmosférico,suporte de vida,110,1,56.377749,188.588140,-69.720848,24.755915,1.484987,85.544713,ativo,,5,simulado
78,COM,Comunicação,comunicação,106,1,12.853123,85.809483,-55.606598,23.727051,0.681704,51.639955,ativo,,5,simulado
78,CTRL,Centro de Controle,controle,102,2,84.869514,148.127517,-65.914178,24.259924,1.011313,93.476421,ativo,,5,simulado
78,HAB,Habitação,habitat,103,2,10.972163,220.571785,-58.509885,24.146909,0.419882,44.694962,ativo,,5,simulado
78,LAB,Laboratório,laboratório,109,3,78.516987,203.697901,-70.817196,23.504720,0.719813,101.325130,ativo,,5,simulado
78,MED,Centro Médico,saúde,105,1,39.497985,200.535456,-49.981673,23.282208,1.213824,55.240831,ativo,,5,simulado
78,O2,Oxigênio,suporte de vida,104,1,60.694091,49.205200,-52.103177,23.898488,1.500472,49.649728,ativo,,5,simulado
78,RES,Recursos,recursos,108,3,31.444470,84.048341,-42.147740,23.977893,0.700059,46.803433,ativo,,5,simulado
79,AGRI,Agricultura,agricultura,107,2,40.423177,169.507742,-72.380390,23.937158,1.547031,70.185725,ativo,,5,simulado
79,ARM,Armazenamento de Energia,energia,101,2,23.642726,250.593422,-80.476820,24.204620,1.733336,73.207310,ativo,,5,simulado
79,ATM,Controle Atmosférico,suporte de vida,110,1,30.980238,196.798333,-52.375697,24.794271,1.380600,65.519278,ativo,,5,simulado
79,COM,Comunicação,comunicação,106,1,40.290252,166.834550,-55.310357,24.278250,1.106924,67.303102,ativo,,5,simulado
79,CTRL,Centro de Controle,controle,102,2,47.800418,184.088387,-51.902261,24.394593,1.004268,64.074643,ativo,,5,simulado
79,HAB,Habitação,habitat,103,2,56.320014,190.283312,-46.029855,24.733790,1.791125,54.266759,ativo,,5,simulado
79,LAB,Laboratório,laboratório,109,3,42.202391,255.372750,-55.629218,24.007308,0.507246,79.819797,ativo,,5,simulado
79,MED,Centro Médico,saúde,105,1,36.048053,65.093420,-81.268079,24.323003,0.931857,74.645308,ativo,,5,simulado
79,O2,Oxigênio,suporte de vida,104,1,46.923259,248.460475,-55.820081,23.354527,1.562680,73.442297,ativo,,5,simulado
79,RES,Recursos,recursos,108,3,70.284830,229.204049,-67.016085,24.548768,1.428391,107.077291,ativo,,5,simulado
80,AGRI,Agricultura,agricultura,107,2,59.619743,95.992288,-74.813282,23.246925,1.271447,77.610794,ativo,,5,simulado
80,ARM,Armazenamento de Energia,energia,101,2,30.486142,70.508670,-49.923738,23.577946,0.636705,38.887136,ativo,,5,simulado
80,ATM,Controle Atmosférico,suporte de vida,110,1,12.052105,239.647628,-42.758006,23.810359,1.532001,50.722329,ativo,,5,simulado
80,COM,Comunicação,comunicação,106,1,20.663296,127.608968,-49.167074,23.810416,1.564795,50.764319,ativo,,5,simulado
80,CTRL,Centro de Controle,controle,102,2,55.106529,205.114133,-75.386275,24.367498,0.894166,88.067617,ativo,,5,simulado
80,HAB,Habitação,habitat,103,2,66.892406,226.443038,-50.839728,24.552154,0.530975,71.348573,ativo,,5,simulado
80,LAB,Laboratório,laboratório,109,3,50.485808,163.582304,-47.662686,24.113887,1.524985,52.025875,ativo,,5,simulado
80,MED,Centro Médico,saúde,105,1,15.344740,226.857905,-61.496364,23.426503,0.588963,46.294696,ativo,,5,simulado
80,O2,Oxigênio,suporte de vida,104,1,62.928137,67.227131,-42.307210,24.505178,1.521895,54.882863,ativo,,5,simulado
80,RES,Recursos,recursos,108,3,51.294350,10.613582,-76.866988,24.396805,1.374912,90.089258,ativo,,5,simulado
81,AGRI,Agricultura,agricultura,107,2,19.455578,9.595208,-47.722843,23.465232,0.495026,47.675544,ativo,,5,simulado
81,ARM,Armazenamento de Energia,energia,101,2,34.741177,104.025444,-55.638628,24.139784,1.723705,44.598934,ativo,,5,simulado
81,ATM,Controle Atmosférico,suporte de vida,110,1,26.136207,25.603627,-79.444163,24.039255,0.481772,64.182657,ativo,,5,simulado
81,COM,Comunicação,comunicação,106,1,27.254600,180.961580,-46.899393,23.394358,0.431421,54.834788,ativo,,5,simulado
81,CTRL,Centro de Controle,controle,102,2,42.262583,110.936649,-61.242865,24.158102,1.538622,69.567007,ativo,,5,simulado
81,HAB,Habitação,habitat,103,2,40.205877,206.262431,-61.765257,24.693415,0.779667,62.131641,ativo,,5,simulado
81,LAB,Laboratório,laboratório,109,3,15.893371,62.825211,-47.748398,23.946342,1.042921,55.077467,ativo,,5,simulado
81,MED,Centro Médico,saúde,105,1,58.328062,54.594607,-67.060071,24.311342,0.525842,72.347903,ativo,,5,simulado
81,O2,Oxigênio,suporte de vida,104,1,33.507119,19.797476,-47.381492,23.459489,0.668424,48.981381,ativo,,5,simulado
81,RES,Recursos,recursos,108,3,67.638235,104.985841,-50.676627,24.647664,1.480736,74.494458,ativo,,5,simulado
82,AGRI,Agricultura,agricultura,107,2,18.282872,64.782419,-77.270428,23.309416,1.649579,51.838476,ativo,,5,simulado
82,ARM,Armazenamento de Energia,energia,101,2,50.438866,94.310106,-67.673438,24.111873,0.884503,74.057627,ativo,,5,simulado
82,ATM,Controle Atmosférico,suporte de vida,110,1,38.492075,219.682260,-71.244305,23.923588,0.432319,82.857587,ativo,,5,simulado
82,COM,Comunicação,comunicação,106,1,73.717112,240.296350,-73.595841,24.122647,1.567166,98.435550,ativo,,5,simulado
82,CTRL,Centro de Controle,controle,102,2,43.822566,251.311511,-76.045231,23.722000,1.443032,70.020566,ativo,,5,simulado
82,HAB,Habitação,habitat,103,2,56.841222,67.957680,-70.750526,24.776891,1.020054,53.326635,ativo,,5,simulado
82,LAB,Laboratório,laboratório,109,3,39.238385,157.758207,-48.206837,23.265259,1.458607,65.086668,ativo,,5,simulado
82,MED,Centro Médico,saúde,105,1,30.114557,109.995267,-68.661018,24.169410,1.784962,61.030988,ativo,,5,simulado
82,O2,Oxigênio,suporte de vida,104,1,47.696827,232.003573,-81.811982,24.529479,1.727837,90.897103,ativo,,5,simulado
82,RES,Recursos,recursos,108,3,16.669719,68.171198,-81.983868,23.983285,1.412419,71.620052,ativo,,5,simulado
83,AGRI,Agricultura,agricultura,107,2,63.926587,206.842666,-55.650305,23.469705,1.105136,85.550170,ativo,,5,simulado
83,ARM,Armazenamento de Energia,energia,101,2,39.935177,136.381448,-52.984185,24.386883,1.728735,52.962551,ativo,,5,simulado
83,ATM,Controle Atmosférico,suporte de vida,110,1,48.956937,28.632677,-56.960454,23.558693,0.683704,73.866328,ativo,,5,simulado
83,COM,Comunicação,comunicação,106,1,83.912178,86.423050,-59.522144,23.957115,0.459108,82.024310,ativo,,5,simulado
83,CTRL,Centro de Controle,controle,102,2,11.466915,140.708282,-71.518563,24.521523,1.740111,53.868603,ativo,,5,simulado
83,HAB,Habitação,habitat,103,2,27.634549,66.489255,-50.810179,24.624763,1.314329,42.555441,ativo,,5,simulado
83,LAB,Laboratório,laboratório,109,3,64.123503,168.255537,-58.466882,24.523538,0.483748,81.881424,ativo,,5,simulado
83,MED,Centro Médico,saúde,105,1,11.175700,87.862800,-47.297167,24.592939,1.479112,39.867594,ativo,,5,simulado
83,O2,Oxigênio,suporte de vida,104,1,81.626270,180.327129,-66.474068,24.726764,0.460174,71.180612,ativo,,5,simulado
83,RES,Recursos,recursos,108,3,18.534770,252.484134,-49.239893,24.225320,1.772559,57.975844,ativo,,5,simulado
84,AGRI,Agricultura,agricultura,107,2,70.265819,24.427832,-46.847818,24.114580,1.701906,65.828206,ativo,,5,simulado
84,ARM,Armazenamento de Energia,energia,101,2,72.481627,92.939414,-50.623686,24.301731,1.794304,54.477908,ativo,,5,simulado
84,ATM,Controle Atmosférico,suporte de vida,110,1,26.384343,186.984492,-79.454164,24.050189,0.800337,79.899104,ativo,,5,simulado
84,COM,Comunicação,comunicação,106,1,59.387002,159.574590,-42.440459,23.996678,1.212463,70.153698,ativo,,5,simulado
84,CTRL,Centro de Controle,controle,102,2,40.754278,142.106051,-71.127215,24.257041,0.818513,64.712682,ativo,,5,simulado
84,HAB,Habitação,habitat,103,2,71.862221,115.736702,-60.917839,23.512952,0.448694,75.257487,ativo,,5,simulado
84,LAB,Laboratório,laboratório,109,3,82.681943,228.600308,-80.017160,24.574236,1.713760,99.510035,ativo,,5,simulado
84,MED,Centro Médico,saúde,105,1,21.087705,211.080042,-60.925926,24.365484,1.335344,58.254799,ativo,,5,simulado
84,O2,Oxigênio,suporte de vida,104,1,37.223985,180.899076,-74.773151,24.639408,1.065710,64.824434,ativo,,5,simulado
84,RES,Recursos,recursos,108,3,10.008560,39.250668,-58.222723,24.672144,0.938032,52.577230,ativo,,5,simulado
85,AGRI,Agricultura,agricultura,107,2,80.550377,128.798799,-70.209203,23.771229,1.757990,103.925309,ativo,,5,simulado
85,ARM,Armazenamento de Energia,energia,101,2,36.998260,107.216140,-81.100037,23.799882,1.585801,68.020942,ativo,,5,simulado
85,ATM,Controle Atmosférico,suporte de vida,110,1,53.544943,92.504904,-58.840113,23.210180,0.708260,68.059606,ativo,,5,simulado
85,COM,Comunicação,comunicação,106,1,30.762535,14.312562,-55.115950,24.709321,0.542225,61.994388,ativo,,5,simulado
85,CTRL,Centro de Controle,controle,102,2,28.082124,69.872633,-77.673832,24.141106,1.510670,62.389300,ativo,,5,simulado
85,HAB,Habitação,habitat,103,2,77.473945,67.931554,-74.483539,24.636284,0.806166,81.067648,ativo,,5,simulado
85,LAB,Laboratório,laboratório,109,3,78.294488,248.714192,-52.613251,23.998384,1.343136,97.153324,ativo,,5,simulado
85,MED,Centro Médico,saúde,105,1,44.287587,31.762596,-48.342751,23.469608,0.780427,51.198759,ativo,,5,simulado
85,O2,Oxigênio,suporte de vida,104,1,33.237621,222.417630,-41.569351,24.336797,1.143481,46.779530,ativo,,5,simulado
85,RES,Recursos,recursos,108,3,36.423155,200.592919,-44.239148,23.357190,1.168012,53.028533,ativo,,5,simulado
86,AGRI,Agricultura,agricultura,107,2,61.963763,59.015535,-67.749071,24.234074,0.571750,83.373076,ativo,,5,simulado
86,ARM,Armazenamento de Energia,energia,101,2,14.500418,180.220437,-44.297942,24.266077,0.451506,49.142727,ativo,,5,simulado
86,ATM,Controle Atmosférico,suporte de vida,110,1,36.992343,255.214514,-50.689730,23.936469,0.419407,77.560141,ativo,,5,simulado
86,COM,Comunicação,comunicação,106,1,72.782330,77.118629,-57.634766,23.271046,1.217940,70.515573,ativo,,5,simulado
86,CTRL,Centro de Controle,controle,102,2,19.844281,204.174447,-72.247081,24.051973,1.154364,62.764741,ativo,,5,simulado
86,HAB,Habitação,habitat,103,2,27.917391,36.428156,-48.783297,23.306717,1.377845,42.271991,ativo,,5,simulado
86,LAB,Laboratório,laboratório,109,3,25.144380,53.369203,-82.197967,23.905693,1.604418,74.931836,ativo,,5,simulado
86,MED,Centro Médico,saúde,105,1,80.270335,11.368269,-57.873135,23.719556,1.337085,69.422618,ativo,,5,simulado
86,O2,Oxigênio,suporte de vida,104,1,46.986546,99.394463,-73.695810,23.808892,0.734807,70.478691,ativo,,5,simulado
86,RES,Recursos,recursos,108,3,71.861516,86.635667,-56.253446,23.213229,1.207614,83.381973,ativo,,5,simulado
87,AGRI,Agricultura,agricultura,107,2,10.916209,215.453171,-46.206837,24.528162,1.515407,48.226451,ativo,,5,simulado
87,ARM,Armazenamento de Energia,energia,101,2,78.425906,14.336410,-41.208620,24.524475,0.933937,57.041330,ativo,,5,simulado
87,ATM,Controle Atmosférico,suporte de vida,110,1,36.302759,67.377788,-75.375729,24.539892,0.920973,91.344109,ativo,,5,simulado
87,COM,Comunicação,comunicação,106,1,76.692426,22.993266,-57.344856,24.549902,0.576277,63.241258,ativo,,5,simulado
87,CTRL,Centro de Controle,controle,102,2,84.212353,127.286026,-56.144025,24.080501,1.170209,83.546340,ativo,,5,simulado
87,HAB,Habitação,habitat,103,2,82.739646,178.692013,-61.309062,24.549311,1.430224,93.567903,ativo,,5,simulado
87,LAB,Laboratório,laboratório,109,3,25.885995,252.316468,-47.998768,23.945083,1.513541,53.842362,ativo,,5,simulado
87,MED,Centro Médico,saúde,105,1,23.674820,248.892553,-84.427766,24.134366,1.651021,76.452275,ativo,,5,simulado
87,O2,Oxigênio,suporte de vida,104,1,37.126732,110.005090,-65.769333,23.395749,0.562379,58.145939,ativo,,5,simulado
87,RES,Recursos,recursos,108,3,41.727626,59.858253,-77.327659,23.640504,0.843787,72.677918,ativo,,5,simulado
88,AGRI,Agricultura,agricultura,107,2,55.682537,73.096669,-67.022105,23.862840,1.767342,86.826868,ativo,,5,simulado
88,ARM,Armazenamento de Energia,energia,101,2,23.375541,67.885448,-53.398679,23.730022,1.619903,26.721489,ativo,,5,simulado
88,ATM,Controle Atmosférico,suporte de vida,110,1,58.291841,11.491402,-66.033374,24.766424,1.679225,79.983186,ativo,,5,simulado
88,COM,Comunicação,comunicação,106,1,70.584432,125.780293,-58.149887,24.508531,1.056127,82.192565,ativo,,5,simulado
88,CTRL,Centro de Controle,controle,102,2,45.765505,219.096942,-51.696035,23.911774,1.048297,63.840869,ativo,,5,simulado
88,HAB,Habitação,habitat,103,2,25.909947,86.985740,-69.074303,24.622577,1.632666,46.098509,ativo,,5,simulado
88,LAB,Laboratório,laboratório,109,3,62.639407,148.309858,-75.743591,24.250737,0.705801,102.633793,ativo,,5,simulado
88,MED,Centro Médico,saúde,105,1,50.433764,226.504022,-81.750112,24.623662,1.647780,84.380430,ativo,,5,simulado
88,O2,Oxigênio,suporte de vida,104,1,27.010076,129.373738,-63.224966,24.770941,0.546335,58.308176,ativo,,5,simulado
88,RES,Recursos,recursos,108,3,12.154395,210.457054,-67.384680,23.370783,1.344468,64.520646,ativo,,5,simulado
89,AGRI,Agricultura,agricultura,107,2,18.090785,117.868003,-67.633274,23.434774,1.444943,47.390984,ativo,,5,simulado
89,ARM,Armazenamento de Energia,energia,101,2,27.969159,8.143627,-78.951337,23.832974,1.606695,48.838552,ativo,,5,simulado
89,ATM,Controle Atmosférico,suporte de vida,110,1,33.128826,239.193754,-68.107576,23.967736,0.673125,76.342654,ativo,,5,simulado
89,COM,Comunicação,comunicação,106,1,33.029669,242.540022,-60.054586,23.833273,1.552670,74.003358,ativo,,5,simulado
89,CTRL,Centro de Controle,controle,102,2,67.338175,232.265135,-81.585621,24.666419,1.058707,87.592117,ativo,,5,simulado
89,HAB,Habitação,habitat,103,2,55.108922,151.189790,-72.303959,24.134420,1.087565,67.623964,ativo,,5,simulado
89,LAB,Laboratório,laboratório,109,3,69.919289,62.736023,-52.308755,24.076031,1.235601,71.503599,ativo,,5,simulado
89,MED,Centro Médico,saúde,105,1,37.187888,166.311364,-80.257039,23.259824,1.298479,67.022150,ativo,,5,simulado
89,O2,Oxigênio,suporte de vida,104,1,63.852032,213.547725,-53.117317,24.369406,1.463165,67.931865,ativo,,5,simulado
89,RES,Recursos,recursos,108,3,59.764423,97.570898,-50.276828,24.477838,1.041734,65.478559,ativo,,5,simulado
90,AGRI,Agricultura,agricultura,107,2,52.712451,194.224846,-69.658481,23.256018,0.508583,86.274321,ativo,,5,simulado
90,ARM,Armazenamento de Energia,energia,101,2,69.571966,21.767031,-49.769385,23.430075,0.985643,59.117305,ativo,,5,simulado
90,ATM,Controle Atmosférico,suporte de vida,110,1,47.145250,108.307995,-53.539593,24.785971,1.174781,62.371242,ativo,,5,simulado
90,COM,Comunicação,comunicação,106,1,33.628849,248.102705,-67.341734,24.373626,1.601418,71.375840,ativo,,5,simulado
90,CTRL,Centro de Controle,controle,102,2,23.373309,141.449870,-68.008623,24.121110,1.115116,49.540750,ativo,,5,simulado
90,HAB,Habitação,habitat,103,2,15.000878,47.867784,-58.447505,23.556559,0.620657,36.703914,ativo,,5,simulado
90,LAB,Laboratório,laboratório,109,3,56.089078,16.486287,-46.097379,23.381624,0.932556,73.424475,ativo,,5,simulado
90,MED,Centro Médico,saúde,105,1,58.475921,116.379646,-79.676358,24.515510,0.688702,75.959610,ativo,,5,simulado
90,O2,Oxigênio,suporte de vida,104,1,40.864651,207.272641,-69.426998,21.800000,0.852911,156.128572,alerta,Congestionamento simulado no enlace local; Subtensão simulada na alimentação do dispositivo,5,simulado
90,RES,Recursos,recursos,108,3,25.614926,231.778271,-79.677571,23.707032,1.454020,73.760680,ativo,,5,simulado
91,AGRI,Agricultura,agricultura,107,2,69.111705,159.429501,-57.216158,23.560637,0.477969,82.884191,ativo,,5,simulado
91,ARM,Armazenamento de Energia,energia,101,2,77.538709,84.392885,-59.402582,23.235038,0.786931,64.187118,ativo,,5,simulado
91,ATM,Controle Atmosférico,suporte de vida,110,1,73.825612,120.911709,-54.736285,24.488476,1.733057,85.559658,ativo,,5,simulado
91,COM,Comunicação,comunicação,106,1,52.687968,57.727483,-78.627555,23.898315,1.337566,81.809806,ativo,,5,simulado
91,CTRL,Centro de Controle,controle,102,2,28.066901,53.262124,-55.825551,23.887035,1.673473,61.707728,ativo,,5,simulado
91,HAB,Habitação,habitat,103,2,12.250283,72.601465,-48.120271,23.854418,1.089015,38.216417,ativo,,5,simulado
91,LAB,Laboratório,laboratório,109,3,10.838184,230.663510,-65.217004,23.550623,1.535520,57.618770,ativo,,5,simulado
91,MED,Centro Médico,saúde,105,1,51.386781,28.402220,-62.451060,23.580299,1.436854,52.352431,ativo,,5,simulado
91,O2,Oxigênio,suporte de vida,104,1,16.340253,23.557841,-59.510121,24.524007,1.711957,40.119701,ativo,,5,simulado
91,RES,Recursos,recursos,108,3,27.994673,192.318160,-82.924830,23.228995,0.811246,86.211532,ativo,,5,simulado
92,AGRI,Agricultura,agricultura,107,2,50.864215,198.237059,-47.512619,23.249041,0.601464,81.414677,ativo,,5,simulado
92,ARM,Armazenamento de Energia,energia,101,2,50.813260,115.524491,-47.600821,23.345382,1.185091,45.929750,ativo,,5,simulado
92,ATM,Controle Atmosférico,suporte de vida,110,1,36.877398,35.718485,-51.775428,24.653371,1.712719,68.500158,ativo,,5,simulado
92,COM,Comunicação,comunicação,106,1,84.141572,150.652903,-45.461049,24.330411,0.567854,84.391062,ativo,,5,simulado
92,CTRL,Centro de Controle,controle,102,2,83.952665,129.321520,-48.137758,24.384886,0.639649,50.971917,ativo,,5,simulado
92,HAB,Habitação,habitat,103,2,23.797862,103.754843,-74.579666,23.298377,1.030582,66.713046,ativo,,5,simulado
92,LAB,Laboratório,laboratório,109,3,77.995631,177.709712,-59.040517,23.528497,1.648843,94.038007,ativo,,5,simulado
92,MED,Centro Médico,saúde,105,1,33.337688,103.484554,-79.463782,24.694206,1.249137,70.304518,ativo,,5,simulado
92,O2,Oxigênio,suporte de vida,104,1,61.587353,134.668060,-84.013305,23.220703,1.481055,77.899500,ativo,,5,simulado
92,RES,Recursos,recursos,108,3,16.103927,220.205264,-50.259970,24.030658,1.753606,53.509591,ativo,,5,simulado
93,AGRI,Agricultura,agricultura,107,2,49.697306,20.330603,-72.263056,23.755594,1.663357,67.328985,ativo,,5,simulado
93,ARM,Armazenamento de Energia,energia,101,2,79.997867,11.573481,-69.974574,23.840156,0.795291,77.700894,ativo,,5,simulado
93,ATM,Controle Atmosférico,suporte de vida,110,1,21.559247,110.190919,-42.262459,24.273644,1.175951,61.798095,ativo,,5,simulado
93,COM,Comunicação,comunicação,106,1,44.301134,101.250595,-70.420810,24.484397,0.486744,69.249925,ativo,,5,simulado
93,CTRL,Centro de Controle,controle,102,2,35.241951,211.802331,-76.074294,24.714861,0.718204,76.005879,ativo,,5,simulado
93,HAB,Habitação,habitat,103,2,43.006063,128.619328,-59.066900,24.446304,1.098911,54.605667,ativo,,5,simulado
93,LAB,Laboratório,laboratório,109,3,20.491298,254.730459,-43.686231,24.230402,0.876925,63.225701,ativo,,5,simulado
93,MED,Centro Médico,saúde,105,1,12.489365,126.871937,-83.989150,23.872507,1.610531,65.431729,ativo,,5,simulado
93,O2,Oxigênio,suporte de vida,104,1,17.144902,17.351652,-43.590330,24.284530,1.505532,26.341815,ativo,,5,simulado
93,RES,Recursos,recursos,108,3,83.038190,218.420605,-73.594496,23.730467,1.182577,105.779481,ativo,,5,simulado
94,AGRI,Agricultura,agricultura,107,2,57.295761,136.819317,-54.205849,24.680575,1.398240,73.609860,ativo,,5,simulado
94,ARM,Armazenamento de Energia,energia,101,2,13.500007,77.583050,-64.587262,24.643121,1.706617,47.715648,ativo,,5,simulado
94,ATM,Controle Atmosférico,suporte de vida,110,1,60.912907,209.900958,-40.938342,23.362519,1.214330,70.759530,ativo,,5,simulado
94,COM,Comunicação,comunicação,106,1,56.929746,65.426343,-44.511295,23.828073,1.791968,54.878508,ativo,,5,simulado
94,CTRL,Centro de Controle,controle,102,2,27.550346,169.806899,-56.102983,23.297661,1.206038,40.598175,ativo,,5,simulado
94,HAB,Habitação,habitat,103,2,22.358806,195.938508,-43.672380,23.594831,1.055481,49.983258,ativo,,5,simulado
94,LAB,Laboratório,laboratório,109,3,21.724800,57.607444,-63.508614,24.142223,1.184614,51.553898,ativo,,5,simulado
94,MED,Centro Médico,saúde,105,1,43.125898,27.863866,-60.104237,24.218026,1.210865,61.232848,ativo,,5,simulado
94,O2,Oxigênio,suporte de vida,104,1,48.164428,182.479859,-68.969703,23.506835,1.365536,70.872804,ativo,,5,simulado
94,RES,Recursos,recursos,108,3,84.544049,201.434532,-48.193709,23.329113,1.272254,83.271955,ativo,,5,simulado
95,AGRI,Agricultura,agricultura,107,2,82.265428,38.872922,-41.908476,24.106259,0.622256,76.287137,ativo,,5,simulado
95,ARM,Armazenamento de Energia,energia,101,2,27.461935,207.830757,-66.728450,24.455923,1.672194,61.581832,ativo,,5,simulado
95,ATM,Controle Atmosférico,suporte de vida,110,1,42.965813,213.793799,-47.444497,24.429133,1.230785,69.872831,ativo,,5,simulado
95,COM,Comunicação,comunicação,106,1,63.901470,110.111520,-78.381066,23.373766,0.767167,103.260889,ativo,,5,simulado
95,CTRL,Centro de Controle,controle,102,2,84.772683,238.656787,-59.155427,24.055949,1.055286,88.324834,ativo,,5,simulado
95,HAB,Habitação,habitat,103,2,28.111307,76.675413,-69.746025,23.806387,0.733770,51.527552,ativo,,5,simulado
95,LAB,Laboratório,laboratório,109,3,71.323066,222.717990,-75.259655,23.842672,0.825009,106.084356,ativo,,5,simulado
95,MED,Centro Médico,saúde,105,1,38.515439,49.787145,-54.188666,23.953471,0.411600,52.902296,ativo,,5,simulado
95,O2,Oxigênio,suporte de vida,104,1,76.862745,82.784406,-59.644655,24.201898,0.751573,70.397353,ativo,,5,simulado
95,RES,Recursos,recursos,108,3,42.695978,121.866727,-76.517243,24.406873,1.343901,83.710231,ativo,,5,simulado
96,AGRI,Agricultura,agricultura,107,2,29.241330,134.932880,-64.501989,24.359885,0.546700,57.599033,ativo,,5,simulado
96,ARM,Armazenamento de Energia,energia,101,2,16.633218,199.059360,-47.239366,24.290862,0.580131,40.126055,ativo,,5,simulado
96,ATM,Controle Atmosférico,suporte de vida,110,1,33.729099,50.639943,-82.126204,24.475426,1.324993,80.698981,ativo,,5,simulado
96,COM,Comunicação,comunicação,106,1,42.361329,177.508518,-70.203885,23.634959,1.785559,73.708722,ativo,,5,simulado
96,CTRL,Centro de Controle,controle,102,2,48.405593,215.613716,-68.583584,23.818870,0.621773,55.229107,ativo,,5,simulado
96,HAB,Habitação,habitat,103,2,84.422111,119.957617,-66.755604,24.132425,1.478758,91.916720,ativo,,5,simulado
96,LAB,Laboratório,laboratório,109,3,39.592084,67.994424,-43.590527,23.918822,0.844055,70.987051,ativo,,5,simulado
96,MED,Centro Médico,saúde,105,1,34.997937,223.373338,-74.676863,23.805509,0.932848,70.456454,ativo,,5,simulado
96,O2,Oxigênio,suporte de vida,104,1,24.090681,72.035566,-70.752000,23.682495,1.673779,55.620385,ativo,,5,simulado
96,RES,Recursos,recursos,108,3,10.385161,56.156793,-84.905529,23.948797,1.224586,70.780568,ativo,,5,simulado
97,AGRI,Agricultura,agricultura,107,2,71.084265,155.186034,-72.167600,23.767022,1.392726,82.205394,ativo,,5,simulado
97,ARM,Armazenamento de Energia,energia,101,2,66.294696,175.421399,-62.809545,24.742402,1.125255,87.851132,ativo,,5,simulado
97,ATM,Controle Atmosférico,suporte de vida,110,1,48.758987,42.575635,-49.173754,24.782812,1.762352,64.363845,ativo,,5,simulado
97,COM,Comunicação,comunicação,106,1,27.142568,110.552890,-72.915097,24.093639,1.157891,62.279047,ativo,,5,simulado
97,CTRL,Centro de Controle,controle,102,2,15.836237,226.696253,-73.071880,23.780491,1.406032,59.229577,ativo,,5,simulado
97,HAB,Habitação,habitat,103,2,40.881299,199.265484,-45.111039,24.574881,1.367460,52.585090,ativo,,5,simulado
97,LAB,Laboratório,laboratório,109,3,37.111417,33.920109,-69.846394,24.395690,1.562566,71.254862,ativo,,5,simulado
97,MED,Centro Médico,saúde,105,1,74.870915,199.237530,-84.714327,24.623798,1.113006,95.117785,ativo,,5,simulado
97,O2,Oxigênio,suporte de vida,104,1,15.438608,34.225000,-49.790695,23.796612,0.438327,41.974112,ativo,,5,simulado
97,RES,Recursos,recursos,108,3,71.736492,191.943287,-43.600470,24.206998,0.980952,64.829523,ativo,,5,simulado
98,AGRI,Agricultura,agricultura,107,2,67.682271,157.176125,-69.909279,23.678926,0.986499,79.755037,ativo,,5,simulado
98,ARM,Armazenamento de Energia,energia,101,2,41.630381,51.378370,-84.742355,24.263636,0.759758,60.808140,ativo,,5,simulado
98,ATM,Controle Atmosférico,suporte de vida,110,1,20.233285,54.962899,-62.444529,23.815586,0.655476,63.281068,ativo,,5,simulado
98,COM,Comunicação,comunicação,106,1,49.286404,125.332826,-72.184408,24.686265,0.451175,76.351453,ativo,,5,simulado
98,CTRL,Centro de Controle,controle,102,2,36.992277,127.005594,-81.085871,24.507855,1.209737,77.394823,ativo,,5,simulado
98,HAB,Habitação,habitat,103,2,13.336497,243.053003,-78.024577,23.309922,0.512912,66.816356,ativo,,5,simulado
98,LAB,Laboratório,laboratório,109,3,66.750394,174.149073,-71.887585,24.138924,1.309858,90.834207,ativo,,5,simulado
98,MED,Centro Médico,saúde,105,1,40.923622,239.416388,-57.085895,23.917621,0.784790,68.127638,ativo,,5,simulado
98,O2,Oxigênio,suporte de vida,104,1,84.239653,120.897377,-56.515416,24.070810,1.752827,83.980605,ativo,,5,simulado
98,RES,Recursos,recursos,108,3,65.790699,150.880019,-50.980498,23.650434,0.768834,71.187719,ativo,,5,simulado
99,AGRI,Agricultura,agricultura,107,2,49.490901,91.294926,-55.868191,24.514544,1.216605,68.814061,ativo,,5,simulado
99,ARM,Armazenamento de Energia,energia,101,2,22.142712,195.888315,-40.709384,24.181762,1.256449,32.158992,ativo,,5,simulado
99,ATM,Controle Atmosférico,suporte de vida,110,1,50.349555,229.225230,-41.976320,24.104331,1.225400,82.992019,ativo,,5,simulado
99,COM,Comunicação,comunicação,106,1,24.585642,132.432342,-53.290930,23.880334,1.395249,51.050896,ativo,,5,simulado
99,CTRL,Centro de Controle,controle,102,2,40.196520,171.656774,-45.388338,24.207592,0.430275,49.948724,ativo,,5,simulado
99,HAB,Habitação,habitat,103,2,67.881101,179.379952,-49.967665,23.222927,0.409793,65.943420,ativo,,5,simulado
99,LAB,Laboratório,laboratório,109,3,73.150106,41.221115,-47.738292,23.787300,1.682000,67.441867,ativo,,5,simulado
99,MED,Centro Médico,saúde,105,1,22.665221,158.670305,-70.558999,24.080251,1.770995,62.956846,ativo,,5,simulado
99,O2,Oxigênio,suporte de vida,104,1,45.721870,80.673873,-62.743500,24.429142,0.638704,61.670037,ativo,,5,simulado
99,RES,Recursos,recursos,108,3,57.035593,137.612094,-58.994492,24.110672,0.729667,71.452642,ativo,,5,simulado
100,AGRI,Agricultura,agricultura,107,2,75.178028,98.682479,-78.374663,24.462214,1.212039,106.947277,ativo,,5,simulado
100,ARM,Armazenamento de Energia,energia,101,2,31.839698,120.329752,-44.693529,24.467385,0.748740,35.920121,ativo,,5,simulado
100,ATM,Controle Atmosférico,suporte de vida,110,1,21.343968,228.567326,-49.671807,23.898678,1.697185,59.508593,ativo,,5,simulado
100,COM,Comunicação,comunicação,106,1,60.622574,236.082259,-68.665330,24.074158,0.739491,76.465388,ativo,,5,simulado
100,CTRL,Centro de Controle,controle,102,2,51.174915,106.302327,-82.440710,23.557503,1.593432,77.199454,ativo,,5,simulado
100,HAB,Habitação,habitat,103,2,68.852629,138.359062,-45.275264,23.275251,0.834233,71.573285,ativo,,5,simulado
100,LAB,Laboratório,laboratório,109,3,32.460458,63.956562,-47.646663,24.736561,1.510822,62.135370,ativo,,5,simulado
100,MED,Centro Médico,saúde,105,1,18.889664,208.191920,-57.525910,24.087560,1.380003,54.676972,ativo,,5,simulado
100,O2,Oxigênio,suporte de vida,104,1,30.334099,36.004715,-65.636570,24.178919,0.589143,56.159262,ativo,,5,simulado
100,RES,Recursos,recursos,108,3,46.504510,22.098733,-41.126152,24.333704,1.098855,54.051001,ativo,,5,simulado
101,AGRI,Agricultura,agricultura,107,2,69.170734,70.784706,-83.158670,23.399924,1.704322,94.844578,ativo,,5,simulado
101,ARM,Armazenamento de Energia,energia,101,2,36.866774,207.502754,-70.149548,24.375830,1.499953,71.547604,ativo,,5,simulado
101,ATM,Controle Atmosférico,suporte de vida,110,1,53.634725,19.391930,-68.148749,24.350293,1.214702,79.991518,ativo,,5,simulado
101,COM,Comunicação,comunicação,106,1,68.291607,20.226015,-51.023917,23.559755,0.567181,69.909016,ativo,,5,simulado
101,CTRL,Centro de Controle,controle,102,2,51.053923,185.256515,-43.641479,24.701424,1.687853,42.924072,ativo,,5,simulado
101,HAB,Habitação,habitat,103,2,66.455602,143.079693,-53.521095,24.180834,0.426806,68.275982,ativo,,5,simulado
101,LAB,Laboratório,laboratório,109,3,13.848047,142.855998,-48.510550,23.903549,1.784073,51.708346,ativo,,5,simulado
101,MED,Centro Médico,saúde,105,1,36.045361,226.188407,-50.587888,23.790326,1.308102,61.516210,ativo,,5,simulado
101,O2,Oxigênio,suporte de vida,104,1,66.542608,84.821745,-57.265242,24.261995,0.977195,62.380920,ativo,,5,simulado
101,RES,Recursos,recursos,108,3,84.224363,66.878640,-69.456608,24.565141,0.841194,92.083013,ativo,,5,simulado
102,AGRI,Agricultura,agricultura,107,2,41.926636,191.657328,-78.867333,24.177215,1.238735,73.690715,ativo,,5,simulado
102,ARM,Armazenamento de Energia,energia,101,2,23.635743,203.053878,-44.729539,23.926450,1.488201,44.720624,ativo,,5,simulado
102,ATM,Controle Atmosférico,suporte de vida,110,1,18.721020,74.870172,-62.991086,23.449004,0.830212,61.922055,ativo,,5,simulado
102,COM,Comunicação,comunicação,106,1,75.474267,167.802594,-61.928118,24.174159,1.598107,89.734224,ativo,,5,simulado
102,CTRL,Centro de Controle,controle,102,2,11.082467,180.163535,-84.883737,23.922480,0.937855,61.527013,ativo,,5,simulado
102,HAB,Habitação,habitat,103,2,11.698881,208.319744,-42.736637,24.707456,0.441257,40.999606,ativo,,5,simulado
102,LAB,Laboratório,laboratório,109,3,12.662425,193.256130,-57.354391,23.610674,1.787843,52.849843,ativo,,5,simulado
102,MED,Centro Médico,saúde,105,1,76.534962,32.927137,-51.094509,24.008614,1.434968,60.954821,ativo,,5,simulado
102,O2,Oxigênio,suporte de vida,104,1,34.502074,102.973944,-52.511172,23.438121,1.396609,46.507408,ativo,,5,simulado
102,RES,Recursos,recursos,108,3,31.882810,148.240819,-83.815051,24.358823,1.045305,89.126200,ativo,,5,simulado
103,AGRI,Agricultura,agricultura,107,2,59.829524,47.221417,-70.142840,24.674333,1.177998,77.914440,ativo,,5,simulado
103,ARM,Armazenamento de Energia,energia,101,2,22.348203,223.492408,-54.427717,23.799036,1.233181,47.608612,ativo,,5,simulado
103,ATM,Controle Atmosférico,suporte de vida,110,1,63.322802,55.672466,-76.410901,24.238507,1.748673,90.932903,ativo,,5,simulado
103,COM,Comunicação,comunicação,106,1,65.284646,89.478274,-49.269680,23.211903,1.191465,62.898216,ativo,,5,simulado
103,CTRL,Centro de Controle,controle,102,2,67.829895,214.244707,-40.960853,23.464848,0.631190,54.799574,ativo,,5,simulado
103,HAB,Habitação,habitat,103,2,69.159826,86.578423,-54.331489,23.739582,1.364985,77.396400,ativo,,5,simulado
103,LAB,Laboratório,laboratório,109,3,11.741239,197.177655,-69.984114,24.748661,1.718014,69.141707,ativo,,5,simulado
103,MED,Centro Médico,saúde,105,1,84.968413,228.091576,-75.792127,24.447234,1.115180,97.212021,ativo,,5,simulado
103,O2,Oxigênio,suporte de vida,104,1,63.835739,54.375789,-44.833428,23.475875,0.744809,52.792018,ativo,,5,simulado
103,RES,Recursos,recursos,108,3,20.748673,101.598932,-74.661800,23.729202,0.829917,78.306634,ativo,,5,simulado
104,AGRI,Agricultura,agricultura,107,2,53.475589,220.131246,-40.718329,23.836652,1.020781,64.747967,ativo,,5,simulado
104,ARM,Armazenamento de Energia,energia,101,2,21.142664,88.976986,-40.003727,24.205866,0.805977,30.835460,ativo,,5,simulado
104,ATM,Controle Atmosférico,suporte de vida,110,1,71.274214,228.994765,-65.265638,24.106677,0.916424,95.765665,ativo,,5,simulado
104,COM,Comunicação,comunicação,106,1,64.249361,115.859166,-52.825593,24.685524,1.525944,61.551320,ativo,,5,simulado
104,CTRL,Centro de Controle,controle,102,2,79.351455,171.330389,-67.310149,24.792208,1.785371,93.088437,ativo,,5,simulado
104,HAB,Habitação,habitat,103,2,50.512977,255.547160,-72.033710,23.287475,1.073800,82.514147,ativo,,5,simulado
104,LAB,Laboratório,laboratório,109,3,62.300202,63.186814,-75.384998,24.064178,1.586997,82.188523,ativo,,5,simulado
104,MED,Centro Médico,saúde,105,1,33.753799,95.489609,-56.859702,24.087494,1.774435,74.926894,ativo,,5,simulado
104,O2,Oxigênio,suporte de vida,104,1,26.192073,199.568314,-40.732215,24.097932,1.183130,48.253812,ativo,,5,simulado
104,RES,Recursos,recursos,108,3,23.122565,183.449702,-63.260842,23.287164,1.519923,82.030358,ativo,,5,simulado
105,AGRI,Agricultura,agricultura,107,2,20.733823,39.301213,-42.886868,23.602446,1.128158,49.526120,ativo,,5,simulado
105,ARM,Armazenamento de Energia,energia,101,2,51.829619,90.912342,-70.695433,23.891101,1.004588,76.040088,ativo,,5,simulado
105,ATM,Controle Atmosférico,suporte de vida,110,1,63.310848,214.052075,-65.268780,24.511849,0.878743,82.441495,ativo,,5,simulado
105,COM,Comunicação,comunicação,106,1,53.665884,210.024515,-52.357282,24.251083,0.893175,63.768312,ativo,,5,simulado
105,CTRL,Centro de Controle,controle,102,2,50.393695,57.688915,-54.937580,23.557718,1.721023,45.249365,ativo,,5,simulado
105,HAB,Habitação,habitat,103,2,68.363215,101.676736,-69.120684,24.635525,0.833035,75.818746,ativo,,5,simulado
105,LAB,Laboratório,laboratório,109,3,25.717469,79.274316,-83.762157,23.221386,1.435575,70.255013,ativo,,5,simulado
105,MED,Centro Médico,saúde,105,1,71.156249,100.057344,-72.580981,24.600100,0.483169,84.790552,ativo,,5,simulado
105,O2,Oxigênio,suporte de vida,104,1,25.738246,208.612933,-76.987557,23.659681,0.684467,74.320753,ativo,,5,simulado
105,RES,Recursos,recursos,108,3,57.640698,20.275787,-79.735063,24.650059,0.547115,78.983207,ativo,,5,simulado
106,AGRI,Agricultura,agricultura,107,2,24.755321,213.718858,-79.398563,24.011222,0.749802,71.015152,ativo,,5,simulado
106,ARM,Armazenamento de Energia,energia,101,2,30.980665,18.415596,-40.229115,24.795349,1.387655,40.901355,ativo,,5,simulado
106,ATM,Controle Atmosférico,suporte de vida,110,1,41.141337,137.928468,-41.563599,23.577979,1.610181,61.202720,ativo,,5,simulado
106,COM,Comunicação,comunicação,106,1,61.933322,159.098016,-65.823805,24.557450,0.521349,81.087116,ativo,,5,simulado
106,CTRL,Centro de Controle,controle,102,2,10.166269,14.532612,-40.822526,24.696957,0.930598,16.299703,ativo,,5,simulado
106,HAB,Habitação,habitat,103,2,49.966510,178.732760,-40.202053,24.596250,0.968051,58.349525,ativo,,5,simulado
106,LAB,Laboratório,laboratório,109,3,17.097039,88.483468,-61.827298,23.665511,0.440580,64.772316,ativo,,5,simulado
106,MED,Centro Médico,saúde,105,1,37.637295,31.348011,-66.446806,24.699251,1.509209,60.472416,ativo,,5,simulado
106,O2,Oxigênio,suporte de vida,104,1,13.584527,54.877234,-66.783402,23.599183,1.574042,45.975774,ativo,,5,simulado
106,RES,Recursos,recursos,108,3,71.179698,118.765117,-56.397026,23.406854,1.548694,87.767558,ativo,,5,simulado
107,AGRI,Agricultura,agricultura,107,2,81.095510,166.259417,-74.076301,24.107927,1.112154,95.156893,ativo,,5,simulado
107,ARM,Armazenamento de Energia,energia,101,2,68.488669,63.948852,-56.662010,24.474922,0.916312,56.590401,ativo,,5,simulado
107,ATM,Controle Atmosférico,suporte de vida,110,1,17.526197,130.541060,-63.849777,23.545377,1.647107,78.535220,ativo,,5,simulado
107,COM,Comunicação,comunicação,106,1,13.798554,92.757643,-80.918203,24.714099,0.872765,66.716368,ativo,,5,simulado
107,CTRL,Centro de Controle,controle,102,2,26.443920,30.009384,-40.860755,24.164536,1.438095,30.387238,ativo,,5,simulado
107,HAB,Habitação,habitat,103,2,69.007455,13.384753,-55.533618,24.585527,0.816654,72.982909,ativo,,5,simulado
107,LAB,Laboratório,laboratório,109,3,28.778192,175.021596,-64.181832,24.276385,1.135085,70.491830,ativo,,5,simulado
107,MED,Centro Médico,saúde,105,1,35.709994,15.348325,-62.931908,23.930528,1.078850,56.778220,ativo,,5,simulado
107,O2,Oxigênio,suporte de vida,104,1,20.644349,198.236832,-76.074603,24.204252,0.572681,59.039752,ativo,,5,simulado
107,RES,Recursos,recursos,108,3,53.644880,94.110943,-57.220973,24.505634,1.252821,81.504951,ativo,,5,simulado
108,AGRI,Agricultura,agricultura,107,2,59.277828,157.866131,-81.234618,23.274771,1.748603,91.983146,ativo,,5,simulado
108,ARM,Armazenamento de Energia,energia,101,2,65.813595,62.710694,-83.498091,23.767136,0.616686,76.399848,ativo,,5,simulado
108,ATM,Controle Atmosférico,suporte de vida,110,1,65.826440,243.922451,-43.424421,24.243851,0.976394,68.479336,ativo,,5,simulado
108,COM,Comunicação,comunicação,106,1,51.171271,106.333429,-47.755058,23.524195,0.900179,58.583402,ativo,,5,simulado
108,CTRL,Centro de Controle,controle,102,2,22.113114,163.892700,-75.916917,23.214689,1.100971,61.769403,ativo,,5,simulado
108,HAB,Habitação,habitat,103,2,31.672156,32.953733,-68.843450,23.980597,1.118007,59.974480,ativo,,5,simulado
108,LAB,Laboratório,laboratório,109,3,11.203621,250.830324,-75.424604,23.220374,0.895275,85.929268,ativo,,5,simulado
108,MED,Centro Médico,saúde,105,1,30.818892,105.782097,-70.248963,24.295675,0.409868,65.246677,ativo,,5,simulado
108,O2,Oxigênio,suporte de vida,104,1,36.286743,242.007066,-74.220639,23.714156,0.510654,80.364041,ativo,,5,simulado
108,RES,Recursos,recursos,108,3,51.698154,211.009035,-68.953663,24.039810,1.682753,76.617649,ativo,,5,simulado
109,AGRI,Agricultura,agricultura,107,2,84.717102,232.168534,-72.633447,24.618101,0.863042,102.302274,ativo,,5,simulado
109,ARM,Armazenamento de Energia,energia,101,2,40.390307,198.281319,-76.463427,24.533481,1.661311,72.409424,ativo,,5,simulado
109,ATM,Controle Atmosférico,suporte de vida,110,1,26.988436,79.003244,-48.269215,23.249309,1.744827,63.968999,ativo,,5,simulado
109,COM,Comunicação,comunicação,106,1,81.335049,43.321811,-41.052238,23.465082,1.596259,66.369003,ativo,,5,simulado
109,CTRL,Centro de Controle,controle,102,2,75.226401,248.154875,-75.426162,23.288908,1.340979,95.858104,ativo,,5,simulado
109,HAB,Habitação,habitat,103,2,71.214079,193.804085,-47.866093,23.312460,0.718082,76.572635,ativo,,5,simulado
109,LAB,Laboratório,laboratório,109,3,77.970373,59.718737,-44.181815,23.270741,1.070782,76.412216,ativo,,5,simulado
109,MED,Centro Médico,saúde,105,1,77.619972,57.941626,-81.343284,23.676464,0.770721,89.160047,ativo,,5,simulado
109,O2,Oxigênio,suporte de vida,104,1,49.704824,213.998832,-63.227054,24.401938,0.430902,63.858246,ativo,,5,simulado
109,RES,Recursos,recursos,108,3,63.959606,48.291462,-57.318137,23.665436,1.675340,70.686755,ativo,,5,simulado
110,AGRI,Agricultura,agricultura,107,2,52.930889,40.171042,-49.202413,23.987936,1.323070,71.620015,ativo,,5,simulado
110,ARM,Armazenamento de Energia,energia,101,2,59.245530,212.551118,-72.837373,24.541082,1.452367,89.008804,ativo,,5,simulado
110,ATM,Controle Atmosférico,suporte de vida,110,1,45.261601,146.943219,-51.296648,24.066225,1.044848,71.158722,ativo,,5,simulado
110,COM,Comunicação,comunicação,106,1,54.769401,159.241964,-42.263873,23.572265,0.439086,63.302779,ativo,,5,simulado
110,CTRL,Centro de Controle,controle,102,2,58.171799,108.725910,-48.910704,23.351998,0.656309,57.105669,ativo,,5,simulado
110,HAB,Habitação,habitat,103,2,19.904586,85.436099,-47.663892,24.097026,0.857423,43.204289,ativo,,5,simulado
110,LAB,Laboratório,laboratório,109,3,24.959577,36.282499,-76.139244,24.241274,1.771002,143.794537,alerta,Congestionamento simulado no enlace local,5,simulado
110,MED,Centro Médico,saúde,105,1,47.280958,195.147109,-43.804565,24.430068,0.599724,68.584341,ativo,,5,simulado
110,O2,Oxigênio,suporte de vida,104,1,64.457090,67.079748,-59.163404,24.762924,0.846374,57.336262,ativo,,5,simulado
110,RES,Recursos,recursos,108,3,61.783033,225.756488,-61.394525,24.596694,1.705891,88.549957,ativo,,5,simulado
111,AGRI,Agricultura,agricultura,107,2,60.349163,205.381548,-81.668399,23.359259,1.447978,91.080819,ativo,,5,simulado
111,ARM,Armazenamento de Energia,energia,101,2,79.701512,11.684453,-46.539351,24.656678,0.437842,63.574227,ativo,,5,simulado
111,ATM,Controle Atmosférico,suporte de vida,110,1,10.111097,123.941138,-69.649759,23.454350,1.572249,66.810839,ativo,,5,simulado
111,COM,Comunicação,comunicação,106,1,53.713321,18.220784,-83.286806,23.489485,0.940653,90.754542,ativo,,5,simulado
111,CTRL,Centro de Controle,controle,102,2,19.516750,138.550444,-54.943812,24.689040,1.512066,48.274137,ativo,,5,simulado
111,HAB,Habitação,habitat,103,2,33.354190,166.438800,-55.706801,24.299611,0.906665,49.738696,ativo,,5,simulado
111,LAB,Laboratório,laboratório,109,3,59.907044,212.101656,-46.769722,23.511538,0.794722,62.828262,ativo,,5,simulado
111,MED,Centro Médico,saúde,105,1,66.621614,159.321741,-72.288830,23.472938,1.021203,97.102337,ativo,,5,simulado
111,O2,Oxigênio,suporte de vida,104,1,78.229899,109.883648,-53.067518,24.513312,1.624530,73.901547,ativo,,5,simulado
111,RES,Recursos,recursos,108,3,33.186066,16.344386,-61.398348,23.884435,1.691372,55.113532,ativo,,5,simulado
112,AGRI,Agricultura,agricultura,107,2,84.109268,16.060794,-84.125261,24.292344,1.223172,95.058003,ativo,,5,simulado
112,ARM,Armazenamento de Energia,energia,101,2,68.843108,31.667006,-46.446762,24.007766,1.665986,55.719898,ativo,,5,simulado
112,ATM,Controle Atmosférico,suporte de vida,110,1,65.532250,65.057091,-81.521433,24.260765,0.414776,83.790288,ativo,,5,simulado
112,COM,Comunicação,comunicação,106,1,29.336859,24.832943,-46.701380,24.797037,0.881592,49.975462,ativo,,5,simulado
112,CTRL,Centro de Controle,controle,102,2,42.893806,210.797944,-69.159710,24.739629,0.423296,69.038411,ativo,,5,simulado
112,HAB,Habitação,habitat,103,2,20.643625,44.980156,-71.852929,24.705573,0.742956,53.519405,ativo,,5,simulado
112,LAB,Laboratório,laboratório,109,3,36.226401,105.100436,-59.116259,24.139238,0.942891,56.181645,ativo,,5,simulado
112,MED,Centro Médico,saúde,105,1,37.221923,47.393308,-80.973788,24.595887,1.796264,78.598434,ativo,,5,simulado
112,O2,Oxigênio,suporte de vida,104,1,48.276435,12.127880,-65.188240,23.882182,1.773199,50.458981,ativo,,5,simulado
112,RES,Recursos,recursos,108,3,16.116246,220.271751,-69.829684,23.273597,1.648767,78.994171,ativo,,5,simulado
113,AGRI,Agricultura,agricultura,107,2,81.983190,251.343789,-42.365111,23.757074,0.598325,77.359458,ativo,,5,simulado
113,ARM,Armazenamento de Energia,energia,101,2,36.944371,42.043944,-69.794237,24.165657,1.184886,60.394630,ativo,,5,simulado
113,ATM,Controle Atmosférico,suporte de vida,110,1,20.328014,12.233818,-55.880005,24.670109,1.257311,50.679778,ativo,,5,simulado
113,COM,Comunicação,comunicação,106,1,57.158820,146.033680,-80.318765,24.109891,1.788347,68.806404,ativo,,5,simulado
113,CTRL,Centro de Controle,controle,102,2,68.246487,19.933610,-61.777089,23.750709,1.035871,69.487116,ativo,,5,simulado
113,HAB,Habitação,habitat,103,2,65.611524,202.008851,-50.894874,24.309716,0.675260,74.277382,ativo,,5,simulado
113,LAB,Laboratório,laboratório,109,3,77.650415,123.302977,-79.475480,24.244570,1.016387,105.182947,ativo,,5,simulado
113,MED,Centro Médico,saúde,105,1,25.721707,74.555666,-71.118640,24.225202,0.828649,68.319066,ativo,,5,simulado
113,O2,Oxigênio,suporte de vida,104,1,76.372635,220.104228,-40.965443,23.652836,1.549464,66.130582,ativo,,5,simulado
113,RES,Recursos,recursos,108,3,66.911687,208.689437,-47.614988,24.766956,0.909023,70.347101,ativo,,5,simulado
114,AGRI,Agricultura,agricultura,107,2,69.735873,246.821886,-59.680940,23.333233,0.763526,85.062245,ativo,,5,simulado
114,ARM,Armazenamento de Energia,energia,101,2,73.577787,166.201655,-79.064412,23.370099,0.567611,84.059911,ativo,,5,simulado
114,ATM,Controle Atmosférico,suporte de vida,110,1,67.707877,233.571937,-52.880318,24.329685,0.776911,66.200481,ativo,,5,simulado
114,COM,Comunicação,comunicação,106,1,37.969976,26.336243,-72.579670,24.339384,1.283115,66.472174,ativo,,5,simulado
114,CTRL,Centro de Controle,controle,102,2,27.235684,173.982346,-57.804365,23.298075,0.698907,52.237049,ativo,,5,simulado
114,HAB,Habitação,habitat,103,2,20.088785,190.056130,-49.005392,24.212406,0.468772,51.926144,ativo,,5,simulado
114,LAB,Laboratório,laboratório,109,3,26.068422,218.242542,-43.132855,24.283677,1.686639,64.311837,ativo,,5,simulado
114,MED,Centro Médico,saúde,105,1,19.436012,61.686667,-62.080968,23.281739,0.653747,57.723370,ativo,,5,simulado
114,O2,Oxigênio,suporte de vida,104,1,23.130351,202.265580,-52.564757,24.413854,0.969220,44.135369,ativo,,5,simulado
114,RES,Recursos,recursos,108,3,43.730347,174.407597,-50.777452,24.594297,1.587258,59.007399,ativo,,5,simulado
115,AGRI,Agricultura,agricultura,107,2,17.214364,205.452309,-78.950204,24.200058,1.597649,72.137692,ativo,,5,simulado
115,ARM,Armazenamento de Energia,energia,101,2,63.105434,57.118507,-42.401854,24.297624,1.452948,45.668610,ativo,,5,simulado
115,ATM,Controle Atmosférico,suporte de vida,110,1,37.320735,131.714438,-61.636534,23.473681,1.207054,69.973455,ativo,,5,simulado
115,COM,Comunicação,comunicação,106,1,44.742222,83.234532,-60.165333,24.584494,0.609595,69.543590,ativo,,5,simulado
115,CTRL,Centro de Controle,controle,102,2,78.709140,63.151305,-70.052414,23.869589,0.834312,70.887149,ativo,,5,simulado
115,HAB,Habitação,habitat,103,2,23.779421,248.416322,-40.601707,23.408056,1.447838,43.998884,ativo,,5,simulado
115,LAB,Laboratório,laboratório,109,3,25.320651,155.894227,-49.194634,24.527236,1.615806,61.023612,ativo,,5,simulado
115,MED,Centro Médico,saúde,105,1,10.715299,226.688912,-48.154287,23.520468,0.672068,50.072512,ativo,,5,simulado
115,O2,Oxigênio,suporte de vida,104,1,78.031837,148.143230,-61.906275,24.324723,0.624451,83.253770,ativo,,5,simulado
115,RES,Recursos,recursos,108,3,26.050952,9.960124,-72.322688,23.292834,1.134491,59.133086,ativo,,5,simulado
116,AGRI,Agricultura,agricultura,107,2,25.884951,184.508496,-44.391961,24.021004,0.917747,46.815963,ativo,,5,simulado
116,ARM,Armazenamento de Energia,energia,101,2,80.745195,245.119878,-84.193968,23.593979,1.017803,89.772493,ativo,,5,simulado
116,ATM,Controle Atmosférico,suporte de vida,110,1,18.130105,195.874363,-59.698014,23.446509,1.030763,72.795928,ativo,,5,simulado
116,COM,Comunicação,comunicação,106,1,61.995254,254.922672,-63.334973,24.667246,0.964301,86.878869,ativo,,5,simulado
116,CTRL,Centro de Controle,controle,102,2,15.397456,95.412986,-66.043045,24.147467,0.468861,39.860489,ativo,,5,simulado
116,HAB,Habitação,habitat,103,2,31.738192,250.951494,-79.785587,23.479112,0.838927,67.280074,ativo,,5,simulado
116,LAB,Laboratório,laboratório,109,3,42.200579,11.294195,-40.263255,24.000551,0.687264,54.694513,ativo,,5,simulado
116,MED,Centro Médico,saúde,105,1,63.120980,99.348645,-69.172596,24.103739,1.374358,80.214484,ativo,,5,simulado
116,O2,Oxigênio,suporte de vida,104,1,38.745357,192.208771,-81.197322,23.879219,0.477392,78.554786,ativo,,5,simulado
116,RES,Recursos,recursos,108,3,51.986693,101.489901,-48.723719,23.347722,0.692880,57.637494,ativo,,5,simulado
117,AGRI,Agricultura,agricultura,107,2,36.933377,96.932670,-81.098298,23.712517,0.421698,95.972268,ativo,,5,simulado
117,ARM,Armazenamento de Energia,energia,101,2,20.845193,216.957609,-63.027926,24.521531,1.738353,57.763021,ativo,,5,simulado
117,ATM,Controle Atmosférico,suporte de vida,110,1,22.466170,145.272452,-72.506917,23.275825,1.297571,78.076426,ativo,,5,simulado
117,COM,Comunicação,comunicação,106,1,51.163635,216.592388,-42.296579,23.311634,0.456826,64.624981,ativo,,5,simulado
117,CTRL,Centro de Controle,controle,102,2,41.681868,79.072302,-57.690432,23.813659,1.518747,45.648759,ativo,,5,simulado
117,HAB,Habitação,habitat,103,2,10.724081,172.964767,-61.605414,24.794178,1.024838,57.890671,ativo,,5,simulado
117,LAB,Laboratório,laboratório,109,3,16.792094,20.486140,-58.120064,23.595907,1.699061,60.465073,ativo,,5,simulado
117,MED,Centro Médico,saúde,105,1,38.495877,188.592895,-84.067079,23.330316,1.096190,73.486184,ativo,,5,simulado
117,O2,Oxigênio,suporte de vida,104,1,52.566031,124.204238,-72.889334,23.369092,0.835820,70.963483,ativo,,5,simulado
117,RES,Recursos,recursos,108,3,16.445707,236.110380,-53.400192,23.580376,1.517674,54.386229,ativo,,5,simulado
118,AGRI,Agricultura,agricultura,107,2,32.458693,173.311281,-40.596855,23.357683,1.720687,75.823235,ativo,,5,simulado
118,ARM,Armazenamento de Energia,energia,101,2,70.543659,240.529342,-61.443154,23.622518,0.878296,71.132197,ativo,,5,simulado
118,ATM,Controle Atmosférico,suporte de vida,110,1,53.393912,182.218000,-44.930597,23.489307,0.937957,78.298381,ativo,,5,simulado
118,COM,Comunicação,comunicação,106,1,53.776178,83.525090,-47.452218,23.945594,1.775921,49.558095,ativo,,5,simulado
118,CTRL,Centro de Controle,controle,102,2,20.660992,213.204141,-52.050624,24.734480,1.366309,53.280298,ativo,,5,simulado
118,HAB,Habitação,habitat,103,2,12.890210,202.281777,-70.971106,24.694407,0.764016,55.882121,ativo,,5,simulado
118,LAB,Laboratório,laboratório,109,3,84.135322,235.721959,-70.847766,23.402978,1.174801,88.551024,ativo,,5,simulado
118,MED,Centro Médico,saúde,105,1,31.001973,237.205706,-64.826476,23.378186,1.788635,76.699395,ativo,,5,simulado
118,O2,Oxigênio,suporte de vida,104,1,67.778462,117.881627,-69.432429,23.557928,0.889563,92.102703,ativo,,5,simulado
118,RES,Recursos,recursos,108,3,61.835785,21.068123,-58.968996,23.212180,1.282659,84.262689,ativo,,5,simulado
119,AGRI,Agricultura,agricultura,107,2,24.155811,163.879421,-66.971059,23.558166,0.946318,67.569584,ativo,,5,simulado
119,ARM,Armazenamento de Energia,energia,101,2,80.701783,223.939334,-49.493132,23.950775,0.704478,64.252315,ativo,,5,simulado
119,ATM,Controle Atmosférico,suporte de vida,110,1,84.166827,208.358370,-75.724212,24.268954,1.705072,100.167134,ativo,,5,simulado
119,COM,Comunicação,comunicação,106,1,49.352628,248.205845,-43.895540,24.480141,1.153587,69.412810,ativo,,5,simulado
119,CTRL,Centro de Controle,controle,102,2,75.669772,180.398662,-51.385590,24.463773,0.946501,60.310864,ativo,,5,simulado
119,HAB,Habitação,habitat,103,2,75.297467,77.966688,-42.219044,23.822648,1.098873,53.834024,ativo,,5,simulado
119,LAB,Laboratório,laboratório,109,3,58.097574,125.200644,-41.611852,24.622915,1.741637,77.568694,ativo,,5,simulado
119,MED,Centro Médico,saúde,105,1,66.282372,208.800157,-58.698978,24.516739,0.661172,90.016050,ativo,,5,simulado
119,O2,Oxigênio,suporte de vida,104,1,15.110630,215.606538,-40.062265,24.285535,0.665218,36.178700,ativo,,5,simulado
119,RES,Recursos,recursos,108,3,11.380829,14.806671,-55.736651,24.756970,1.677369,41.096429,ativo,,5,simulado
120,AGRI,Agricultura,agricultura,107,2,49.107786,118.497395,-63.135474,23.905136,0.816023,72.848064,ativo,,5,simulado
120,ARM,Armazenamento de Energia,energia,101,2,39.006786,11.688398,-51.663157,23.560708,0.503915,43.387814,ativo,,5,simulado
120,ATM,Controle Atmosférico,suporte de vida,110,1,82.237889,86.889133,-55.317563,24.101683,1.765298,81.152992,ativo,,5,simulado
120,COM,Comunicação,comunicação,106,1,75.708046,74.301086,-43.328744,23.950884,1.688467,156.881618,alerta,Congestionamento simulado no enlace local,5,simulado
120,CTRL,Centro de Controle,controle,102,2,56.814006,221.228009,-64.241163,23.703550,1.208573,74.312469,ativo,,5,simulado
120,HAB,Habitação,habitat,103,2,69.034910,221.095240,-78.024342,23.664724,0.756224,91.298139,ativo,,5,simulado
120,LAB,Laboratório,laboratório,109,3,80.812884,42.231705,-76.672651,24.097351,1.204551,93.159203,manutencao,Inspeção preventiva programada,5,simulado
120,MED,Centro Médico,saúde,105,1,74.396024,156.296705,-69.823375,21.800000,1.015228,79.819889,alerta,Subtensão simulada na alimentação do dispositivo,5,simulado
120,O2,Oxigênio,suporte de vida,104,1,12.348812,107.591817,-75.523562,24.653293,1.028292,55.334668,ativo,,5,simulado
120,RES,Recursos,recursos,108,3,35.728027,88.375746,-45.938180,24.123272,0.905323,59.556439,ativo,,5,simulado
